sum.taxonomy,AER_PERANG,Anitas_Garden,BATU_ANGUS,BATU_MERAH,BENTENG,CALIFORDIA_DREAMING,CAPE_KRI,CORAL_CANYON,JABOI,KABUI_STRAIT_I,KABUI_STRAIT_II,KABUI_STRAIT_III,KAMPUNG_PAUDEAN,KRI_LAGOON,MELISSAS_GARDEN,PANTAI_LABUHAN,PANTAI_PARIGI,PELATAK,PULAU_ABANG_BESAR,PULAU_ABANG_KECIL,PULAU_PETONG,PULAU_PUTUS,PULAU_SEULAKO,RUBIAH_SEA_GARDEN,SARDINE_REEF,SECRET_LAGOON,SHIP_WRECK,SNAPPER_POINT,SUMUR_TIGA,TANJUNG_KUSU_KUSU,TANJUNG_LAMPU,TELUK_KEMBAHU,TERNATE_1,TERNATE_2,TERNATE_3,WAKATOBI_1,WAKATOBI_2,WAKATOBI_3,WEST_MANSUAR
Eukaryota;Chordata;Actinopteri;;;;,0,0,0,0,0,0,0,1562,88,0,0,3,0,627,0,0,86,5026,174,76,93,0,0,552,0,0,4737,14,0,0,0,0,241,0,0,21,18,42,0
Eukaryota;Chordata;Actinopteri;;Centropomidae;Lates;Lates calcarifer,0,0,0,0,0,0,0,0,0,0,0,0,0,0,0,0,0,0,236,680,556,0,0,0,0,0,0,0,0,0,0,0,0,0,0,0,154,0,0
Eukaryota;Chordata;Actinopteri;;Embiotocidae;Embiotoca;Embiotoca jacksoni,0,0,0,0,0,0,0,0,13,0,0,0,0,0,0,0,0,0,0,0,0,0,0,0,0,0,0,0,0,0,0,0,0,0,0,0,0,0,0
Eukaryota;Chordata;Actinopteri;;Pomacanthidae;Centropyge;,0,0,0,0,147,0,0,0,0,0,264,533,0,0,0,0,0,0,0,0,0,0,243,0,0,0,0,0,1173,0,0,0,4,10182,4352,8744,0,0,0
Eukaryota;Chordata;Actinopteri;;Pomacanthidae;Chaetodontoplus;Chaetodontoplus mesoleucus,0,0,0,0,0,0,0,0,0,277,0,0,0,4152,0,0,0,0,2058,1478,1114,0,0,0,0,0,0,0,0,777,0,0,1242,0,0,0,0,0,0
Eukaryota;Chordata;Actinopteri;;Pomacanthidae;Pygoplites;Pygoplites diacanthus,0,0,0,0,0,0,0,0,0,0,164,0,0,0,0,0,0,0,0,0,0,0,0,0,340,2716,0,0,0,0,0,0,0,0,910,0,0,0,0
Eukaryota;Chordata;Actinopteri;;Pomacentridae;;,582,0,0,0,0,0,0,0,0,10638,0,0,0,0,0,0,0,0,0,0,0,0,857,0,0,0,0,0,0,0,0,0,0,0,0,0,0,0,0
Eukaryota;Chordata;Actinopteri;;Pomacentridae;Abudefduf;,0,0,356,0,0,0,0,0,6018,462,1073,0,1723,1193,298,0,236,0,0,0,0,0,9270,550,2232,604,2427,7166,14448,8439,11483,11260,357,0,0,74,8546,7878,0
Eukaryota;Chordata;Actinopteri;;Pomacentridae;Abudefduf;Abudefduf bengalensis,0,0,0,0,0,0,0,0,0,0,0,0,0,0,0,0,0,0,1856,860,782,0,0,0,0,0,0,0,0,0,0,0,0,0,0,0,0,24,0
Eukaryota;Chordata;Actinopteri;;Pomacentridae;Abudefduf;Abudefduf vaigiensis,0,0,0,0,0,0,0,0,3395,0,0,0,0,0,0,0,0,0,0,0,0,0,0,0,0,0,0,0,4243,205,0,0,0,0,0,0,0,0,0
Eukaryota;Chordata;Actinopteri;;Pomacentridae;Amblyglyphidodon;,806,23,26300,29484,0,12396,0,0,0,0,0,0,1762,328,975,0,6,612,0,0,0,0,0,0,0,904,0,4879,0,27641,11436,7719,125634,536,0,0,0,0,0
Eukaryota;Chordata;Actinopteri;;Pomacentridae;Amblyglyphidodon;Amblyglyphidodon curacao,0,0,0,0,0,0,0,0,0,0,0,0,0,0,0,0,0,0,0,0,0,0,0,0,0,0,0,0,0,0,0,0,386,0,0,0,0,0,0
Eukaryota;Chordata;Actinopteri;;Pomacentridae;Amphiprion;,0,0,0,0,0,0,0,0,0,0,0,0,0,0,0,0,0,0,0,0,0,0,0,0,0,0,0,0,0,0,6793,0,0,0,0,0,0,0,0
Eukaryota;Chordata;Actinopteri;;Pomacentridae;Amphiprion;Amphiprion clarkii,962,0,0,2739,0,0,0,0,0,0,0,0,0,0,0,0,0,0,0,0,0,0,0,0,0,0,0,0,0,0,0,265,0,0,0,0,0,0,0
Eukaryota;Chordata;Actinopteri;;Pomacentridae;Cheiloprion;Cheiloprion labiatus,0,0,0,0,0,0,0,0,0,0,0,0,0,0,0,0,0,0,0,0,0,0,0,0,0,658,0,0,0,7409,0,0,9144,0,0,0,0,0,0
Eukaryota;Chordata;Actinopteri;;Pomacentridae;Chromis;,65,567,0,0,785,0,0,0,0,1141,2,606,205,30,2467,0,0,317,0,0,0,217,26,0,212,1083,297,0,853,0,846,0,286,513,0,0,342,1270,430
Eukaryota;Chordata;Actinopteri;;Pomacentridae;Chromis;Chromis atripectoralis,0,91,88,0,0,87,0,126,0,274,0,0,0,43,127,0,0,0,0,0,0,0,0,0,0,0,0,0,0,0,188,0,0,0,0,0,0,0,0
Eukaryota;Chordata;Actinopteri;;Pomacentridae;Chromis;Chromis atripes,0,0,0,0,0,0,0,0,0,0,0,49,0,0,0,0,0,98,0,0,0,56,0,0,0,0,0,13,0,0,0,0,117,0,437,0,0,0,0
Eukaryota;Chordata;Actinopteri;;Pomacentridae;Chromis;Chromis lepidolepis,0,0,0,0,0,0,0,0,0,0,486,0,0,36,0,23,120,0,0,0,0,58,0,0,0,1189,53,0,0,0,0,0,0,12,278,0,11,0,0
Eukaryota;Chordata;Actinopteri;;Pomacentridae;Chromis;Chromis viridis,0,0,40,0,0,0,0,0,0,232,0,0,340,309,0,0,0,0,0,0,0,0,89,75,0,68,0,0,0,0,0,30,0,212,0,0,0,0,0
Eukaryota;Chordata;Actinopteri;;Pomacentridae;Chromis;Chromis weberi,0,0,0,0,94,0,0,0,0,0,0,0,0,0,0,0,0,0,0,0,0,0,170,73,0,0,26,0,223,0,0,0,0,0,0,0,0,0,0
Eukaryota;Chordata;Actinopteri;;Pomacentridae;Chromis;Chromis xanthura,0,0,0,0,0,0,0,0,0,0,19,0,0,0,0,58,0,56,0,0,0,0,0,0,0,0,92,357,0,0,0,0,0,3139,635,0,0,0,0
Eukaryota;Chordata;Actinopteri;;Pomacentridae;Dascyllus;Dascyllus aruanus,368,0,0,0,0,0,157,0,0,51,0,84,41,98,0,0,0,0,0,0,0,0,0,0,0,0,0,0,0,0,0,125,0,0,0,0,14,0,0
Eukaryota;Chordata;Actinopteri;;Pomacentridae;Dascyllus;Dascyllus trimaculatus,4056,0,115,528,14,95,0,0,0,71,49,141,98,38,317,69,0,82,0,0,0,86,78,0,0,0,14,0,48,0,0,92,0,29,0,0,0,0,0
Eukaryota;Chordata;Actinopteri;;Pomacentridae;Dischistodus;Dischistodus perspicillatus,0,0,46,0,0,0,0,0,0,0,0,0,17,0,0,0,0,0,17,0,0,0,0,0,0,0,0,0,0,0,1022,633,129,0,0,0,0,0,0
Eukaryota;Chordata;Actinopteri;;Pomacentridae;Hemiglyphidodon;Hemiglyphidodon plagiometopon,2750,0,0,0,0,0,4674,0,0,0,0,0,2443,14071,0,0,0,0,21,0,0,0,0,0,0,0,0,0,0,182,0,0,1168,0,0,0,0,0,0
Eukaryota;Chordata;Actinopteri;;Pomacentridae;Lepidozygus;Lepidozygus tapeinosoma,0,10802,0,0,0,0,0,0,0,101,0,0,0,1688,0,0,0,0,0,0,0,0,0,0,0,1235,0,0,0,0,0,0,0,4889,0,0,0,28495,78077
Eukaryota;Chordata;Actinopteri;;Pomacentridae;Neoglyphidodon;,0,0,4149,0,0,1225,0,0,0,0,0,0,0,0,0,0,0,0,0,0,0,0,0,0,0,0,0,0,0,0,0,0,0,0,0,0,0,0,0
Eukaryota;Chordata;Actinopteri;;Pomacentridae;Neoglyphidodon;Neoglyphidodon nigroris,0,0,3096,0,0,0,0,0,0,0,0,453,0,0,1958,0,0,932,0,0,0,6572,0,0,0,586,0,0,0,360,0,3451,0,0,6898,0,0,2559,0
Eukaryota;Chordata;Actinopteri;;Pomacentridae;Neopomacentrus;,0,0,0,0,0,0,0,0,0,46088,5674,317,0,0,14,0,0,0,0,0,0,0,0,0,0,0,0,0,0,0,0,0,0,0,0,0,0,0,0
Eukaryota;Chordata;Actinopteri;;Pomacentridae;Plectroglyphidodon;Plectroglyphidodon lacrymatus,0,0,2326,0,208,0,0,0,0,0,0,1889,1049,287,637,0,0,0,0,0,0,0,0,0,0,732,0,0,18536,0,8167,0,0,32096,0,0,0,0,0
Eukaryota;Chordata;Actinopteri;;Pomacentridae;Pomacentrus;,3992,5691,5934,59088,0,3563,0,0,9853,3090,33094,10498,3284,4880,980,0,0,0,27,0,0,1505,0,0,0,60086,0,0,0,7709,6469,184,745,2253,0,0,1982,0,10702
Eukaryota;Chordata;Actinopteri;;Pomacentridae;Pomacentrus;Pomacentrus amboinensis,589,0,0,1173,0,835,24342,0,0,0,0,0,0,191,1346,0,0,0,0,0,0,0,0,425,0,7292,1246,0,0,2469,0,795,0,0,706,0,57,0,2882
Eukaryota;Chordata;Actinopteri;;Pomacentridae;Pomacentrus;Pomacentrus chrysurus,0,0,0,0,0,0,0,0,0,0,0,0,0,0,0,0,0,0,0,0,0,0,0,0,0,0,0,0,1496,0,0,0,0,0,0,0,0,0,0
Eukaryota;Chordata;Actinopteri;;Pomacentridae;Pomacentrus;Pomacentrus vaiuli,0,0,0,0,0,0,0,0,0,0,0,2834,850,0,0,0,0,4696,0,0,0,0,0,0,0,604,0,0,0,0,0,0,0,0,0,0,0,0,0
Eukaryota;Chordata;Actinopteri;;Pseudochromidae;NA;NA sp.,0,0,0,0,0,0,0,0,0,687,0,0,34,0,0,0,0,379,0,0,0,0,0,0,0,0,0,0,0,0,256,0,0,3739,0,64,0,0,0
Eukaryota;Chordata;Actinopteri;;Pseudochromidae;Pseudochromis;,0,0,30,0,0,0,0,0,0,0,0,0,10,0,0,0,0,106,0,0,0,0,0,0,0,0,0,0,0,0,0,0,0,0,0,0,0,0,0
Eukaryota;Chordata;Actinopteri;;Pseudochromidae;Pseudochromis;Pseudochromis marshallensis,0,0,1648,0,0,0,0,0,0,0,0,736,0,153,0,0,0,0,0,0,0,1551,0,0,0,0,331,70,0,0,0,0,788,0,0,0,0,0,0
Eukaryota;Chordata;Actinopteri;;Siganidae;Siganus;,0,0,966,0,0,0,0,5,0,0,0,0,3072,0,0,0,1574,4768,36370,20114,18777,0,0,0,2404,3814,5973,726,0,0,8137,0,1292,0,0,61,0,0,0
Eukaryota;Chordata;Actinopteri;;Siganidae;Siganus;Siganus argenteus,0,0,0,0,0,281,0,0,0,0,0,0,0,0,9383,0,0,0,0,0,0,0,0,0,249,12,562,0,0,0,0,0,0,0,0,0,0,118,0
Eukaryota;Chordata;Actinopteri;;Siganidae;Siganus;Siganus fuscescens,0,0,0,0,0,0,0,0,0,0,0,0,188,0,0,0,0,0,191788,71153,120418,0,0,0,0,0,11805,7114,0,0,5062,1237,0,0,0,692,3170,197,0
Eukaryota;Chordata;Actinopteri;;Siganidae;Siganus;Siganus guttatus,0,0,0,0,0,0,0,0,0,1485,0,0,2066,1029,2132,0,0,0,12650,8659,8064,3007,0,0,0,7829,1732,1184,0,0,0,0,105,0,0,78,2056,115,0
Eukaryota;Chordata;Actinopteri;;Siganidae;Siganus;Siganus punctatus,0,8734,0,0,0,0,0,0,0,0,6190,0,4407,0,0,0,0,1516,0,0,0,2239,0,0,0,0,1563,0,0,0,0,0,3199,0,0,0,1632,227,0
Eukaryota;Chordata;Actinopteri;;Sillaginidae;Sillago;Sillago aeolus,0,0,0,0,0,0,0,0,0,0,0,0,0,0,0,0,0,0,166,331,295,0,0,0,0,0,0,0,0,0,0,0,0,0,0,0,331,0,0
Eukaryota;Chordata;Actinopteri;;Sphyraenidae;Sphyraena;,0,0,0,0,0,0,0,0,0,0,0,0,0,0,0,0,0,0,0,0,0,0,0,3,0,0,0,0,0,0,0,0,0,0,0,0,0,0,0
Eukaryota;Chordata;Actinopteri;Acanthuriformes;Acanthuridae;;,0,0,4676,0,0,0,0,0,0,0,0,0,3395,7985,0,0,0,2114,0,0,0,0,0,0,0,0,569,0,0,0,0,0,0,2078,1166,0,4315,0,0
Eukaryota;Chordata;Actinopteri;Acanthuriformes;Acanthuridae;Acanthurus;,0,0,0,0,5392,0,0,0,0,0,0,0,655,0,0,0,0,0,0,0,0,0,0,0,0,0,0,0,2368,0,0,0,0,770,0,0,0,0,0
Eukaryota;Chordata;Actinopteri;Acanthuriformes;Acanthuridae;Acanthurus;Acanthurus bariene,0,0,0,0,12019,0,0,0,0,0,0,0,0,0,0,0,0,0,0,0,0,0,0,0,0,0,0,0,0,0,0,0,0,0,0,334,2008,892,0
Eukaryota;Chordata;Actinopteri;Acanthuriformes;Acanthuridae;Acanthurus;Acanthurus leucosternon,0,0,0,0,4122,0,0,0,904,0,0,0,0,0,0,0,0,0,0,0,0,0,1370,117,0,0,0,0,29570,0,0,0,0,0,0,0,0,0,0
Eukaryota;Chordata;Actinopteri;Acanthuriformes;Acanthuridae;Acanthurus;Acanthurus lineatus,0,0,0,0,2315,0,1512,0,0,0,0,0,7942,8344,0,0,0,0,0,0,0,0,0,545,0,1653,0,0,6515,0,0,0,0,808,0,0,0,2944,0
Eukaryota;Chordata;Actinopteri;Acanthuriformes;Acanthuridae;Acanthurus;Acanthurus maculiceps,0,0,0,0,256,0,0,0,0,0,0,0,0,0,0,0,0,0,0,0,0,0,0,0,0,0,0,0,1859,0,0,0,0,0,0,0,0,0,0
Eukaryota;Chordata;Actinopteri;Acanthuriformes;Acanthuridae;Acanthurus;Acanthurus mata,478,0,0,5445,10678,0,455,4333,0,1446,0,5984,0,0,4760,451,0,1979,0,0,0,1682,0,1306,653,0,0,0,0,0,5855,0,10,0,3380,0,164,0,4933
Eukaryota;Chordata;Actinopteri;Acanthuriformes;Acanthuridae;Acanthurus;Acanthurus nigricauda,0,0,0,0,6189,0,0,0,0,0,0,0,0,1891,0,0,0,1229,0,0,0,0,1195,0,1122,0,158,2460,1882,0,1204,0,484,0,11427,0,0,218,0
Eukaryota;Chordata;Actinopteri;Acanthuriformes;Acanthuridae;Acanthurus;Acanthurus nigrofuscus,0,0,0,0,0,0,0,0,0,0,660,0,0,0,0,0,0,45,0,0,0,0,0,0,0,0,0,0,0,0,0,0,0,1310,0,34,0,0,0
Eukaryota;Chordata;Actinopteri;Acanthuriformes;Acanthuridae;Acanthurus;Acanthurus olivaceus,0,0,0,0,0,0,0,0,0,0,0,0,0,0,0,0,0,0,0,0,0,0,0,0,0,0,104,0,0,0,0,0,0,0,0,0,0,0,0
Eukaryota;Chordata;Actinopteri;Acanthuriformes;Acanthuridae;Acanthurus;Acanthurus pyroferus,0,0,0,0,483,2125,0,922,399,0,235,0,0,0,0,0,0,3913,0,0,0,0,1010,0,695,0,841,0,0,0,0,0,0,0,0,0,1806,195,0
Eukaryota;Chordata;Actinopteri;Acanthuriformes;Acanthuridae;Acanthurus;Acanthurus thompsoni,0,0,0,0,3498,0,4676,0,0,0,0,0,0,0,0,0,0,449,0,0,0,0,0,0,0,0,0,0,0,0,0,0,2067,0,0,0,0,0,4723
Eukaryota;Chordata;Actinopteri;Acanthuriformes;Acanthuridae;Acanthurus;Acanthurus xanthopterus,0,0,0,1515,1539,0,0,0,0,0,0,0,0,0,0,0,0,0,0,0,0,0,0,0,0,0,0,0,0,0,0,0,0,0,0,0,0,0,0
Eukaryota;Chordata;Actinopteri;Acanthuriformes;Acanthuridae;Ctenochaetus;,2453,0,0,0,0,0,0,733,576,0,235,293,0,5472,0,0,0,1254,0,0,0,0,1098,0,1119,0,1099,0,3,0,0,0,984,0,1742,0,231,0,0
Eukaryota;Chordata;Actinopteri;Acanthuriformes;Acanthuridae;Ctenochaetus;Ctenochaetus binotatus,0,0,4226,791,2444,0,0,0,1556,227,102,389,5773,3479,0,0,0,1555,0,0,15,1401,0,0,4575,2944,32701,3195,0,233,0,0,628,2340,0,0,0,1255,0
Eukaryota;Chordata;Actinopteri;Acanthuriformes;Acanthuridae;Ctenochaetus;Ctenochaetus flavicauda,0,0,595,982,0,0,0,0,0,0,0,0,0,0,281,0,0,0,0,0,0,0,0,0,0,0,0,0,24708,0,0,0,0,5036,0,0,0,0,0
Eukaryota;Chordata;Actinopteri;Acanthuriformes;Acanthuridae;Ctenochaetus;Ctenochaetus striatus,0,5528,0,0,0,0,0,0,3907,0,275,446,1618,5755,0,0,0,1990,25,0,0,0,0,0,320,3611,2178,0,15305,0,0,0,7886,1627,0,1162,317,27605,0
Eukaryota;Chordata;Actinopteri;Acanthuriformes;Acanthuridae;Naso;,2975,0,5461,9543,3832,292,4536,728,205,0,0,0,0,0,0,0,0,0,0,0,0,0,12977,7275,2738,1122,0,4448,2370,49,0,0,0,0,9288,0,0,0,1269
Eukaryota;Chordata;Actinopteri;Acanthuriformes;Acanthuridae;Naso;Naso brachycentron,0,0,0,0,0,0,0,4369,0,0,0,0,0,0,0,0,0,0,0,0,0,0,0,0,0,0,1251,0,0,0,0,451,0,0,0,0,0,0,0
Eukaryota;Chordata;Actinopteri;Acanthuriformes;Acanthuridae;Naso;Naso lituratus,0,0,4272,117,306,761,1756,0,1764,0,0,524,5847,9694,247,0,0,0,0,0,0,2239,2511,0,1051,0,0,0,1503,0,0,0,3483,0,1395,0,0,0,0
Eukaryota;Chordata;Actinopteri;Acanthuriformes;Acanthuridae;Naso;Naso thynnoides,0,0,0,0,2058,8402,1709,14725,0,0,0,0,0,581,332,20009,0,0,0,0,0,1222,0,0,3081,0,1249,629,0,1258,0,0,0,526,0,0,0,0,7766
Eukaryota;Chordata;Actinopteri;Acanthuriformes;Acanthuridae;Naso;Naso vlamingii,0,0,0,0,0,6464,0,0,0,2650,0,0,0,114,2255,0,0,0,0,0,0,0,0,0,3888,3621,1023,0,0,2448,0,0,11612,7116,8113,0,14,0,0
Eukaryota;Chordata;Actinopteri;Acanthuriformes;Acanthuridae;Zebrasoma;,0,0,565,0,0,0,0,0,0,446,0,0,0,0,0,0,0,0,0,0,0,0,1040,0,0,0,0,0,6674,0,0,0,956,0,0,0,0,0,0
Eukaryota;Chordata;Actinopteri;Acanthuriformes;Acanthuridae;Zebrasoma;Zebrasoma flavescens,3036,0,3487,0,0,0,0,0,2001,2289,438,0,1347,235,684,0,0,563,0,0,0,0,0,0,0,3315,0,0,85,0,0,0,19785,19110,0,0,0,46,0
Eukaryota;Chordata;Actinopteri;Acanthuriformes;Zanclidae;Zanclus;Zanclus cornutus,620,0,4796,4042,989,0,0,0,479,600,774,0,1420,2837,0,0,0,2718,0,0,0,0,0,0,6763,0,7221,0,746,20608,5693,0,9904,0,4576,26,1539,0,0
Eukaryota;Chordata;Actinopteri;Anguilliformes;Chlopsidae;Kaupichthys;Kaupichthys hyoproroides,0,0,0,0,0,0,0,0,0,0,0,0,0,0,0,0,0,0,0,0,0,0,0,0,0,0,0,0,0,0,0,0,0,0,0,0,49,0,0
Eukaryota;Chordata;Actinopteri;Anguilliformes;Congridae;Gorgasia;Gorgasia galzini,0,0,0,0,13063,0,0,0,0,0,0,50,0,0,0,0,0,0,0,0,0,263,0,0,0,0,0,0,0,0,0,0,0,0,0,0,0,0,0
Eukaryota;Chordata;Actinopteri;Anguilliformes;Moringuidae;Moringua;Moringua edwardsi,0,0,0,0,0,0,1676,0,0,0,0,0,0,0,0,0,0,0,0,0,0,0,0,0,0,0,376,0,0,0,0,0,0,0,0,0,0,0,0
Eukaryota;Chordata;Actinopteri;Anguilliformes;Muraenidae;Gymnothorax;Gymnothorax chilospilus,0,0,0,0,0,0,0,0,0,0,0,0,1091,0,0,0,0,0,0,0,0,0,0,0,0,0,0,0,0,0,708,0,0,0,0,0,0,0,0
Eukaryota;Chordata;Actinopteri;Anguilliformes;Muraenidae;Gymnothorax;Gymnothorax fimbriatus,0,0,0,0,0,0,0,0,0,581,0,0,0,0,0,0,0,0,0,0,0,0,530,1571,0,0,0,0,530,0,5150,1517,0,0,0,0,0,0,0
Eukaryota;Chordata;Actinopteri;Anguilliformes;Muraenidae;Gymnothorax;Gymnothorax flavimarginatus,0,0,0,0,0,0,0,0,0,0,0,0,0,0,375,0,0,0,0,0,0,0,0,0,0,0,0,0,484,0,0,0,0,0,0,2901,0,0,0
Eukaryota;Chordata;Actinopteri;Anguilliformes;Muraenidae;Gymnothorax;Gymnothorax isingteena,0,0,0,0,0,0,0,6495,0,0,0,0,0,0,0,0,0,0,0,0,0,0,0,0,0,0,0,0,0,0,0,0,0,0,0,0,0,0,0
Eukaryota;Chordata;Actinopteri;Anguilliformes;Muraenidae;Gymnothorax;Gymnothorax javanicus,422,0,0,109,0,0,0,974,0,677,0,1614,1560,0,0,0,0,218,0,0,0,0,0,0,0,554,405,0,0,0,37,0,0,0,0,0,0,0,0
Eukaryota;Chordata;Actinopteri;Anguilliformes;Muraenidae;Gymnothorax;Gymnothorax melatremus,0,0,0,0,0,0,0,0,0,0,0,0,0,0,0,0,0,409,0,0,0,0,0,0,0,0,0,0,0,0,0,0,0,0,0,0,0,0,0
Eukaryota;Chordata;Actinopteri;Anguilliformes;Muraenidae;Gymnothorax;Gymnothorax nudivomer,0,0,0,0,0,0,0,0,0,0,0,0,0,0,0,0,0,0,0,0,0,0,0,0,0,0,0,0,0,0,0,0,0,0,0,0,387,0,0
Eukaryota;Chordata;Actinopteri;Anguilliformes;Muraenidae;Gymnothorax;Gymnothorax richardsonii,0,0,0,0,0,0,0,0,0,0,0,0,0,0,0,0,0,0,0,0,0,0,0,0,0,0,0,0,0,0,0,0,0,0,0,0,0,1987,0
Eukaryota;Chordata;Actinopteri;Anguilliformes;Muraenidae;Gymnothorax;Gymnothorax sp. KAUMI98486,0,0,0,0,0,0,0,0,0,0,0,0,0,0,0,0,0,0,0,0,0,0,0,0,0,0,0,0,0,0,0,254,0,0,0,0,0,0,0
Eukaryota;Chordata;Actinopteri;Anguilliformes;Muraenidae;Gymnothorax;Gymnothorax thyrsoideus,0,0,0,0,0,0,0,0,0,0,534,0,0,0,0,0,0,0,0,0,0,0,0,0,0,1272,0,0,0,0,0,543,0,0,0,0,40,8,0
Eukaryota;Chordata;Actinopteri;Anguilliformes;Muraenidae;Uropterygius;Uropterygius alboguttatus,0,1970,0,0,6261,0,0,0,0,0,0,970,62,2808,0,0,0,0,2,0,0,0,0,0,3388,0,851,0,0,0,0,0,789,0,0,0,51,3289,0
Eukaryota;Chordata;Actinopteri;Anguilliformes;Muraenidae;Uropterygius;Uropterygius fuscoguttatus,0,0,0,0,0,0,0,0,0,0,0,0,0,0,0,0,0,0,0,0,0,0,0,0,0,0,0,0,112,0,0,0,0,0,0,0,0,0,0
Eukaryota;Chordata;Actinopteri;Atheriniformes;Atherinidae;Atherinomorus;,1328,0,467,0,0,0,0,0,0,9948,0,0,18810,6735,321,0,0,0,0,0,0,0,0,325,0,0,0,0,0,0,1056,0,0,904,0,0,0,0,0
Eukaryota;Chordata;Actinopteri;Atheriniformes;Atherinidae;Atherinomorus;Atherinomorus cf. duodecimalis FRLM35231,0,0,0,0,0,0,0,0,0,0,0,0,0,0,0,0,0,0,0,0,0,0,1493,0,0,0,0,0,0,0,0,0,0,0,0,0,0,0,0
Eukaryota;Chordata;Actinopteri;Atheriniformes;Atherinidae;Atherinomorus;Atherinomorus endrachtensis,0,0,0,0,0,0,0,0,0,0,0,0,0,0,0,0,0,0,0,0,0,0,0,0,0,0,0,0,0,530,0,0,0,0,0,0,0,0,0
Eukaryota;Chordata;Actinopteri;Atheriniformes;Atherinidae;Atherinomorus;Atherinomorus lacunosus,0,1553,3335,0,0,0,0,0,0,2016,0,0,1975,345,0,0,0,0,0,0,0,0,0,0,0,3968,0,0,324,0,0,0,0,0,0,0,0,0,0
Eukaryota;Chordata;Actinopteri;Atheriniformes;Atherinidae;Atherion;Atherion elymus,0,0,0,0,0,1918,0,0,0,0,0,0,0,0,82,0,0,0,0,0,0,0,0,0,0,0,0,0,0,0,0,0,0,0,0,0,0,0,0
Eukaryota;Chordata;Actinopteri;Atheriniformes;Atherinidae;Hypoatherina;,0,0,0,0,0,0,0,0,0,0,195,297,0,0,0,0,0,0,0,0,0,0,0,0,0,0,0,0,0,0,0,0,0,0,0,0,0,0,0
Eukaryota;Chordata;Actinopteri;Atheriniformes;Atherinidae;Hypoatherina;Hypoatherina gobio,0,0,0,0,0,0,0,0,295,0,0,0,0,0,0,0,0,0,0,0,0,0,0,0,0,0,0,0,0,0,0,0,0,0,0,0,0,0,0
Eukaryota;Chordata;Actinopteri;Atheriniformes;Atherinidae;Hypoatherina;Hypoatherina temminckii,0,0,0,0,0,0,0,0,0,0,0,366,0,0,0,0,0,0,6,0,0,0,0,0,0,0,0,0,0,0,0,0,0,0,0,0,0,0,0
Eukaryota;Chordata;Actinopteri;Atheriniformes;Atherinidae;Stenatherina;Stenatherina panatela,0,0,0,0,0,0,0,0,0,0,0,0,0,0,0,0,0,0,0,0,0,0,0,0,0,0,0,0,0,291,0,0,460,0,0,0,0,0,0
Eukaryota;Chordata;Actinopteri;Aulopiformes;Synodontidae;Saurida;,0,0,0,0,0,0,0,0,0,0,0,0,0,0,0,0,0,0,0,0,0,0,0,0,0,0,0,0,0,0,0,0,0,0,0,0,52,0,0
Eukaryota;Chordata;Actinopteri;Aulopiformes;Synodontidae;Saurida;Saurida gracilis,0,0,355,0,0,0,0,0,0,0,0,0,755,0,0,0,0,644,0,0,0,0,0,0,0,646,0,0,0,0,0,0,0,2728,0,0,0,0,0
Eukaryota;Chordata;Actinopteri;Aulopiformes;Synodontidae;Synodus;,0,0,0,270,0,245,0,0,0,0,0,74,0,0,0,148,0,0,0,0,0,127,0,0,0,0,0,856,0,0,34,0,0,0,0,0,0,0,0
Eukaryota;Chordata;Actinopteri;Beloniformes;Belonidae;Strongylura;Strongylura incisa,0,0,2584,0,0,0,0,1573,0,0,0,0,0,0,0,0,0,0,0,0,0,0,0,5979,0,0,0,0,0,0,0,0,588,0,0,0,0,0,0
Eukaryota;Chordata;Actinopteri;Beloniformes;Belonidae;Tylosurus;Tylosurus acus,0,0,0,0,0,0,6366,1137,0,351,0,655,0,0,277,0,0,0,0,0,0,0,1174,2239,0,0,0,1293,2584,0,3401,0,471,0,0,2389,8,3499,0
Eukaryota;Chordata;Actinopteri;Beloniformes;Belonidae;Tylosurus;Tylosurus crocodilus,0,2803,0,0,0,0,0,0,0,0,633,584,1421,621,565,0,0,0,0,113,0,8494,159,0,0,1793,0,0,3374,0,1250,0,1209,0,0,1012,9800,3763,0
Eukaryota;Chordata;Actinopteri;Beloniformes;Exocoetidae;;,0,0,0,0,0,0,0,2890,0,0,0,0,0,0,0,0,0,0,0,0,0,0,0,0,0,0,0,0,407,0,0,0,2159,518,0,0,0,0,0
Eukaryota;Chordata;Actinopteri;Beloniformes;Exocoetidae;Cheilopogon;,0,0,0,0,0,0,0,0,0,0,0,0,0,0,0,0,0,3319,0,0,0,0,0,0,0,0,1566,816,0,0,0,0,0,0,0,0,0,0,0
Eukaryota;Chordata;Actinopteri;Beloniformes;Hemiramphidae;Hemiramphus;Hemiramphus far,0,0,0,0,0,0,0,0,0,0,0,0,0,0,0,0,0,0,156,211,182,0,0,0,0,0,0,0,0,0,0,0,266,0,0,55,422,0,0
Eukaryota;Chordata;Actinopteri;Beloniformes;Hemiramphidae;Hemiramphus;Hemiramphus lutkei,0,0,0,0,0,342,0,0,0,0,0,0,0,0,0,0,0,0,0,0,0,0,0,0,5318,0,0,0,343,0,0,0,0,0,2562,0,0,0,0
Eukaryota;Chordata;Actinopteri;Beloniformes;Hemiramphidae;Hyporhamphus;,0,0,0,0,0,0,0,0,0,876,0,0,12,1509,0,0,0,0,0,0,0,0,0,0,0,0,0,0,0,0,0,0,0,0,0,0,0,0,0
Eukaryota;Chordata;Actinopteri;Beloniformes;Hemiramphidae;Hyporhamphus;Hyporhamphus quoyi,0,0,0,0,0,0,0,0,0,0,0,0,0,0,0,0,0,0,138,221,245,0,0,0,0,0,0,0,0,0,0,0,0,0,0,0,0,0,0
Eukaryota;Chordata;Actinopteri;Beloniformes;Hemiramphidae;Oxyporhamphus;Oxyporhamphus convexus,0,0,0,0,0,0,4604,0,0,0,0,0,0,0,0,0,0,0,0,0,0,0,0,0,0,740,0,0,0,0,2705,0,0,0,0,0,0,0,0
Eukaryota;Chordata;Actinopteri;Blenniiformes;Blenniidae;Andamia;Andamia tetradactylus,0,0,0,0,0,0,0,0,0,0,0,0,0,0,0,0,0,0,0,0,0,0,62,0,0,0,0,0,0,0,0,0,0,0,0,0,0,0,0
Eukaryota;Chordata;Actinopteri;Blenniiformes;Blenniidae;Atrosalarias;Atrosalarias hosokawai,0,0,0,0,0,0,0,0,0,0,0,0,0,0,270,0,0,0,0,0,0,0,0,0,0,0,0,0,0,0,0,0,0,4075,0,0,0,0,0
Eukaryota;Chordata;Actinopteri;Blenniiformes;Blenniidae;Ecsenius;Ecsenius bicolor,0,145,0,0,0,0,0,0,0,0,0,0,0,0,0,0,0,0,0,0,0,0,0,0,373,0,0,0,0,0,0,0,0,0,0,0,0,0,0
Eukaryota;Chordata;Actinopteri;Blenniiformes;Blenniidae;Ecsenius;Ecsenius oculus,0,0,0,0,0,0,0,0,0,1247,0,0,0,0,0,0,0,0,0,0,0,0,0,0,0,0,0,0,0,0,0,0,0,0,0,0,0,0,0
Eukaryota;Chordata;Actinopteri;Blenniiformes;Blenniidae;Meiacanthus;Meiacanthus kamoharai,0,0,0,0,0,0,0,0,0,0,0,0,776,540,0,0,0,0,0,0,0,0,0,0,0,0,0,0,0,0,2760,477,0,0,0,0,0,0,0
Eukaryota;Chordata;Actinopteri;Blenniiformes;Blenniidae;Petroscirtes;Petroscirtes breviceps,0,0,0,0,0,0,0,0,0,0,0,0,0,0,1243,0,0,0,0,0,0,0,0,0,0,0,0,0,0,0,553,0,0,0,0,0,0,0,0
Eukaryota;Chordata;Actinopteri;Blenniiformes;Blenniidae;Salarias;Salarias segmentatus,0,0,0,0,0,0,0,0,0,0,783,0,0,0,0,0,0,0,0,0,0,0,0,0,0,0,0,0,0,0,0,0,0,0,0,0,0,0,0
Eukaryota;Chordata;Actinopteri;Blenniiformes;Tripterygiidae;Enneapterygius;,0,0,2273,0,0,4719,0,0,0,0,0,0,0,0,0,0,0,0,0,0,0,0,0,0,0,0,0,0,0,0,0,0,0,0,0,0,0,0,0
Eukaryota;Chordata;Actinopteri;Blenniiformes;Tripterygiidae;Enneapterygius;Enneapterygius tutuilae,0,0,0,0,0,0,0,0,0,0,248,0,0,0,0,0,0,0,0,0,0,0,682,0,0,0,0,0,0,0,0,0,0,0,0,0,0,0,0
Eukaryota;Chordata;Actinopteri;Blenniiformes;Tripterygiidae;Helcogramma;Helcogramma striata,0,0,0,0,0,0,0,0,0,0,0,1254,0,0,0,0,0,1046,0,0,0,0,0,0,3845,0,0,819,0,0,0,0,0,0,0,0,0,0,0
Eukaryota;Chordata;Actinopteri;Carangiformes;Carangidae;Atropus;Atropus atropos,0,0,0,0,0,0,0,0,0,0,0,0,0,0,0,0,0,0,0,0,0,0,0,0,0,0,0,0,0,0,0,0,0,0,0,0,60,0,0
Eukaryota;Chordata;Actinopteri;Carangiformes;Carangidae;Atule;Atule mate,0,0,0,0,0,0,0,0,0,0,0,0,0,263,0,0,0,0,929,448,541,0,1446,494,0,0,0,0,0,0,0,0,0,0,0,62,0,0,0
Eukaryota;Chordata;Actinopteri;Carangiformes;Carangidae;Carangoides;,0,0,0,0,0,0,0,0,0,1206,0,0,0,0,0,0,0,0,0,0,0,0,0,0,7124,0,0,0,0,0,0,0,0,0,0,0,0,11,0
Eukaryota;Chordata;Actinopteri;Carangiformes;Carangidae;Carangoides;Carangoides praeustus,0,0,0,0,0,0,0,0,0,0,0,0,0,0,0,0,0,0,46,59,35,0,0,0,0,0,0,0,0,0,0,0,0,0,0,0,21,0,0
Eukaryota;Chordata;Actinopteri;Carangiformes;Carangidae;Caranx;,0,0,0,0,0,0,0,0,0,0,0,0,0,0,0,0,0,0,0,0,0,0,0,47,0,0,709,0,0,0,0,0,0,0,0,0,0,0,0
Eukaryota;Chordata;Actinopteri;Carangiformes;Carangidae;Caranx;Caranx ignobilis,0,0,0,0,0,0,0,0,0,0,0,2224,0,0,0,0,0,0,0,0,0,0,0,0,3169,0,0,0,337,0,0,0,0,0,0,81,536,0,0
Eukaryota;Chordata;Actinopteri;Carangiformes;Carangidae;Caranx;Caranx melampygus,0,0,805,0,178,0,0,0,0,11380,0,0,843,0,0,0,0,0,0,0,0,0,0,0,0,0,0,491,830,0,0,0,0,0,0,0,0,27,0
Eukaryota;Chordata;Actinopteri;Carangiformes;Carangidae;Caranx;Caranx papuensis,0,0,0,0,0,0,0,0,0,4685,0,673,0,0,0,0,0,0,0,0,0,0,0,0,0,0,0,0,0,0,0,0,0,0,0,0,0,0,0
Eukaryota;Chordata;Actinopteri;Carangiformes;Carangidae;Decapterus;,1667,0,0,0,0,0,0,0,0,0,0,0,0,0,591,0,0,0,0,0,0,6654,0,0,0,0,0,0,0,0,0,721,769,0,0,0,0,0,0
Eukaryota;Chordata;Actinopteri;Carangiformes;Carangidae;Decapterus;Decapterus macarellus,0,0,0,413,0,0,0,0,0,1111,0,0,0,0,21697,0,295,0,0,0,0,0,0,28,4474,0,2672,507,0,0,0,3439,0,0,5154,90,8,0,0
Eukaryota;Chordata;Actinopteri;Carangiformes;Carangidae;Decapterus;Decapterus macrosoma,39676,0,4992,3407,0,273,0,0,0,866,0,1502,2624,97,4383,386,7783,0,0,0,0,12420,0,0,0,0,3039,0,0,26344,0,9907,0,0,0,0,0,0,0
Eukaryota;Chordata;Actinopteri;Carangiformes;Carangidae;Decapterus;Decapterus russelli,0,0,572,0,0,0,0,0,0,447,0,0,0,0,0,0,0,0,0,0,0,0,0,0,0,0,0,0,0,0,0,1503,0,0,0,0,0,0,0
Eukaryota;Chordata;Actinopteri;Carangiformes;Carangidae;Elagatis;Elagatis bipinnulata,0,0,0,0,0,0,0,0,0,0,772,1459,0,0,1135,0,0,0,0,0,0,7800,0,0,1909,0,0,0,0,0,0,0,0,0,653,0,0,0,0
Eukaryota;Chordata;Actinopteri;Carangiformes;Carangidae;Gnathanodon;Gnathanodon speciosus,0,0,0,0,0,0,0,0,0,0,0,1450,0,0,0,0,0,0,997,2651,2026,0,0,0,0,0,0,0,0,0,0,0,0,0,0,0,160,19,0
Eukaryota;Chordata;Actinopteri;Carangiformes;Carangidae;Megalaspis;Megalaspis cordyla,0,0,0,0,0,0,0,780,0,0,0,0,679,0,0,0,0,0,0,0,0,0,0,0,14978,0,349,439,0,0,0,0,0,0,0,0,0,1480,15093
Eukaryota;Chordata;Actinopteri;Carangiformes;Carangidae;Scomberoides;,0,0,0,0,0,0,0,154,0,0,188,0,0,0,0,0,0,0,0,0,0,0,0,0,0,0,0,0,0,0,0,0,0,0,0,0,0,0,0
Eukaryota;Chordata;Actinopteri;Carangiformes;Carangidae;Scomberoides;Scomberoides commersonnianus,0,0,0,0,0,0,0,0,0,0,0,0,0,0,0,0,0,0,0,0,0,0,0,0,0,0,0,0,0,0,0,0,0,0,0,0,19,0,0
Eukaryota;Chordata;Actinopteri;Carangiformes;Carangidae;Selar;Selar boops,0,0,0,0,0,0,0,0,0,34,0,0,3847,1434,0,0,0,0,0,0,0,0,0,0,0,0,993,0,0,0,0,0,0,0,0,0,0,0,0
Eukaryota;Chordata;Actinopteri;Carangiformes;Carangidae;Selar;Selar crumenophthalmus,14282,0,3062,1046,0,475,0,0,0,15062,0,0,35916,14977,0,12319,2263,0,0,0,0,4459,0,4077,0,0,0,0,0,707,6265,2201,0,0,1275,2450,0,0,3079
Eukaryota;Chordata;Actinopteri;Carangiformes;Carangidae;Selaroides;Selaroides leptolepis,0,0,0,38781,0,0,0,0,0,0,0,0,0,0,0,0,0,0,0,0,0,0,0,0,0,0,0,0,0,0,0,0,0,0,0,0,0,0,0
Eukaryota;Chordata;Actinopteri;Carangiformes;Carangidae;Seriola;Seriola rivoliana,0,0,0,0,0,0,0,0,0,0,0,0,0,0,0,0,0,0,0,0,0,0,0,0,0,0,0,0,0,0,0,0,0,0,0,0,200,426,0
Eukaryota;Chordata;Actinopteri;Carangiformes;Carangidae;Trachinotus;Trachinotus blochii,0,0,0,0,0,0,0,0,0,0,0,0,0,0,0,0,0,0,2192,5873,4884,0,0,0,0,0,0,0,0,0,0,0,0,0,0,35,2351,0,0
Eukaryota;Chordata;Actinopteri;Centrarchiformes;Cirrhitidae;Cirrhitichthys;Cirrhitichthys oxycephalus,0,0,0,0,0,0,0,0,0,0,0,0,0,0,0,0,0,1365,0,0,0,0,0,0,0,0,0,0,0,0,0,0,0,0,0,0,0,2022,0
Eukaryota;Chordata;Actinopteri;Centrarchiformes;Kyphosidae;Kyphosus;,0,0,1760,0,12319,3761,0,0,0,0,0,0,0,0,0,0,0,0,0,0,0,0,0,0,0,0,0,0,14079,0,0,0,0,1009,0,0,0,0,0
Eukaryota;Chordata;Actinopteri;Chaetodontiformes;Chaetodontidae;Chaetodon;,0,0,7866,0,0,3157,0,0,1491,3143,1033,734,11683,72,5313,0,0,0,0,0,0,0,321,1570,0,108,3649,0,1023,0,0,0,0,0,2711,0,18,0,0
Eukaryota;Chordata;Actinopteri;Chaetodontiformes;Chaetodontidae;Chaetodon;Chaetodon auriga,0,0,0,0,844,0,0,0,0,0,0,333,0,0,0,0,0,657,0,0,0,0,0,0,0,0,0,0,159,0,0,0,0,0,0,0,0,0,0
Eukaryota;Chordata;Actinopteri;Chaetodontiformes;Chaetodontidae;Chaetodon;Chaetodon austriacus,0,0,0,0,0,0,0,0,0,0,0,0,0,0,0,0,0,0,0,0,0,0,0,2250,0,0,0,0,1567,0,0,0,0,0,0,0,0,0,0
Eukaryota;Chordata;Actinopteri;Chaetodontiformes;Chaetodontidae;Chaetodon;Chaetodon baronessa,0,0,0,0,0,0,1937,0,0,0,809,331,0,2810,0,0,0,0,0,0,0,0,0,0,0,0,0,0,0,0,0,0,2362,0,0,0,0,0,0
Eukaryota;Chordata;Actinopteri;Chaetodontiformes;Chaetodontidae;Chaetodon;Chaetodon octofasciatus,0,0,0,0,0,0,0,0,0,0,0,0,0,0,0,0,0,0,15496,7325,6625,0,0,0,0,0,0,0,0,0,0,0,0,0,0,48,104,0,0
Eukaryota;Chordata;Actinopteri;Chaetodontiformes;Chaetodontidae;Chaetodon;Chaetodon trifascialis,0,0,0,0,0,0,0,0,0,0,0,0,0,0,205,0,0,0,0,0,0,0,0,0,0,0,0,0,0,0,0,0,8125,0,0,0,0,0,0
Eukaryota;Chordata;Actinopteri;Chaetodontiformes;Chaetodontidae;Chaetodon;Chaetodon ulietensis,0,0,0,0,0,0,0,0,0,0,0,0,0,2431,0,0,0,0,0,0,0,0,0,0,0,0,0,0,0,0,0,0,0,0,0,0,0,0,0
Eukaryota;Chordata;Actinopteri;Chaetodontiformes;Chaetodontidae;Chaetodon;Chaetodon vagabundus,0,0,4,0,0,0,0,0,0,0,0,0,0,0,0,0,0,2262,0,0,0,0,0,0,171,1415,0,0,0,0,0,0,0,0,0,0,0,0,0
Eukaryota;Chordata;Actinopteri;Chaetodontiformes;Chaetodontidae;Chelmon;Chelmon rostratus,0,0,0,0,0,0,0,0,0,0,0,0,0,0,0,0,0,0,8191,4226,3206,0,0,0,0,0,0,0,0,0,0,0,0,0,0,15,210,0,0
Eukaryota;Chordata;Actinopteri;Chaetodontiformes;Chaetodontidae;Forcipiger;Forcipiger flavissimus,0,0,0,0,389,0,0,0,0,0,2288,0,0,0,0,0,0,8098,0,0,0,0,0,105,0,0,0,0,0,0,0,0,0,0,0,0,0,0,0
Eukaryota;Chordata;Actinopteri;Chaetodontiformes;Chaetodontidae;Forcipiger;Forcipiger longirostris,0,0,0,0,0,0,0,0,0,0,0,832,0,0,0,0,0,1528,0,0,0,1989,0,0,0,0,0,0,0,0,0,0,0,0,0,0,0,0,0
Eukaryota;Chordata;Actinopteri;Chaetodontiformes;Chaetodontidae;Hemitaurichthys;Hemitaurichthys polylepis,0,0,0,0,0,0,0,0,909,0,0,0,0,0,0,0,0,0,0,0,0,0,0,0,0,0,126,0,4614,0,0,0,0,0,0,0,0,0,0
Eukaryota;Chordata;Actinopteri;Chaetodontiformes;Chaetodontidae;Heniochus;,0,0,0,0,0,0,0,0,0,0,0,0,748,17,0,0,0,0,0,0,0,0,0,0,0,0,0,0,0,0,0,0,0,0,0,0,0,0,0
Eukaryota;Chordata;Actinopteri;Chaetodontiformes;Chaetodontidae;Heniochus;Heniochus diphreutes,0,0,0,0,0,0,0,0,0,0,0,0,0,0,0,0,79,0,0,0,0,0,0,0,196,0,2371,0,0,0,0,0,0,0,0,0,0,0,0
Eukaryota;Chordata;Actinopteri;Chaetodontiformes;Chaetodontidae;Heniochus;Heniochus varius,0,3419,0,0,0,0,1181,0,0,0,0,0,0,4701,0,0,0,0,0,0,0,0,0,0,0,0,0,0,20809,0,0,0,792,0,0,0,0,0,0
Eukaryota;Chordata;Actinopteri;Chaetodontiformes;Leiognathidae;Photopectoralis;Photopectoralis bindus,0,0,0,0,0,0,0,1795,0,0,0,0,0,0,0,0,0,0,0,0,0,0,0,0,0,0,0,0,0,0,0,0,0,0,0,0,0,0,0
Eukaryota;Chordata;Actinopteri;Cichliformes;Cichlidae;Etroplus;Etroplus suratensis,0,0,0,0,0,0,0,0,0,0,0,0,0,0,0,0,0,0,0,0,0,0,0,0,0,0,0,0,0,0,0,0,333,0,0,0,0,0,0
Eukaryota;Chordata;Actinopteri;Clupeiformes;Clupeidae;Amblygaster;Amblygaster sirm,0,0,796,869,0,0,0,0,1185,214,0,403,2013,24,0,0,10,0,0,0,0,143,266,3434,0,0,0,0,10667,0,0,805,0,0,0,0,0,0,0
Eukaryota;Chordata;Actinopteri;Clupeiformes;Clupeidae;Sardinella;,0,0,0,0,0,0,0,0,0,0,0,0,0,0,0,0,0,0,5,3,0,0,30,0,0,0,0,0,0,0,0,0,0,0,0,0,0,0,0
Eukaryota;Chordata;Actinopteri;Clupeiformes;Clupeidae;Spratelloides;Spratelloides delicatulus,0,0,1536,1032,0,0,0,0,0,10291,0,0,26552,5241,244,5853,0,0,0,0,0,12086,0,0,52,0,0,0,0,67,11333,0,0,0,0,0,0,0,0
Eukaryota;Chordata;Actinopteri;Clupeiformes;Clupeidae;Spratelloides;Spratelloides gracilis,62769,0,0,2421,0,0,0,0,0,0,0,2877,562,345,10441,21636,0,0,9,0,0,52566,0,0,0,0,1386,0,0,1019,19903,16215,0,0,0,0,0,3,0
Eukaryota;Chordata;Actinopteri;Clupeiformes;Dussumieriidae;Dussumieria;Dussumieria elopsoides,0,0,0,0,0,0,0,0,0,0,0,0,0,0,0,0,0,0,0,0,0,0,0,0,0,0,0,0,0,0,2176,0,0,0,0,0,0,0,0
Eukaryota;Chordata;Actinopteri;Clupeiformes;Engraulidae;Encrasicholina;,583,0,546,4,0,0,0,0,146,9529,9605,10055,344,0,0,0,0,0,0,0,0,0,4301,3481,0,0,630,73378,0,0,583,2138,856,0,0,0,0,15,0
Eukaryota;Chordata;Actinopteri;Clupeiformes;Engraulidae;Encrasicholina;Encrasicholina heteroloba,0,0,0,0,0,0,0,0,0,584,1804,306,277,0,0,0,0,1097,93,0,0,0,5753,4188,0,0,129,3551,0,0,0,0,0,0,0,0,0,0,5229
Eukaryota;Chordata;Actinopteri;Clupeiformes;Engraulidae;Encrasicholina;Encrasicholina punctifer,0,0,0,8733,1129,0,7559,0,4783,0,0,0,0,0,2015,0,24,0,0,0,3,0,36540,16949,0,0,3593,1617,76,0,0,2316,0,0,0,0,1045,0,1741
Eukaryota;Chordata;Actinopteri;Clupeiformes;Engraulidae;Engraulis;Engraulis mordax,0,6,0,0,0,0,0,0,20,0,0,0,0,0,0,0,0,0,0,0,0,0,0,0,0,0,0,0,0,0,0,0,0,0,0,0,0,0,0
Eukaryota;Chordata;Actinopteri;Clupeiformes;Engraulidae;Thryssa;Thryssa kammalensis,0,0,0,0,0,0,0,0,282,0,0,0,0,0,0,5091,0,0,0,0,0,0,0,0,0,0,0,0,0,0,0,0,0,0,0,0,0,0,0
Eukaryota;Chordata;Actinopteri;Cypriniformes;Cyprinidae;Phoxinus;,0,0,0,0,0,0,0,0,0,0,0,0,0,0,0,0,0,0,0,0,0,0,0,0,0,0,0,0,0,0,0,0,0,88,0,0,0,0,0
Eukaryota;Chordata;Actinopteri;Ephippiformes;Ephippidae;Platax;,0,0,0,0,0,0,0,933,0,0,0,0,0,0,0,0,0,0,0,0,0,0,0,0,0,0,0,570,0,0,0,0,0,0,0,67,0,0,0
Eukaryota;Chordata;Actinopteri;Ephippiformes;Ephippidae;Platax;Platax orbicularis,0,0,0,0,0,0,0,0,0,6187,0,1394,0,0,727,0,0,1449,198,135,125,0,0,0,0,0,2235,0,0,0,0,606,321,0,0,0,0,0,0
Eukaryota;Chordata;Actinopteri;Gadiformes;Bregmacerotidae;Bregmaceros;,0,0,0,0,0,0,0,0,0,0,0,99,0,0,0,0,0,0,0,0,0,0,0,0,0,0,0,0,0,0,108,0,0,0,0,0,0,0,235
Eukaryota;Chordata;Actinopteri;Gadiformes;Bregmacerotidae;Bregmaceros;Bregmaceros arabicus,0,0,0,0,0,0,0,0,0,120,0,0,0,0,137,0,0,0,0,0,0,0,0,0,0,0,0,0,0,0,0,0,0,0,0,0,0,0,0
Eukaryota;Chordata;Actinopteri;Gobiiformes;;;,0,0,0,0,0,0,0,0,0,0,0,0,0,0,0,0,0,0,0,0,0,0,0,0,0,0,0,0,780,0,0,0,1302,0,0,0,0,0,0
Eukaryota;Chordata;Actinopteri;Gobiiformes;Eleotridae;Bunaka;Bunaka gyrinoides,0,0,0,0,0,0,0,0,0,0,0,0,0,0,0,0,0,0,0,0,0,0,0,0,0,0,0,0,384,0,0,0,0,0,0,0,0,0,0
Eukaryota;Chordata;Actinopteri;Gobiiformes;Gobiidae;;,715,0,202,1014,0,0,363,0,0,5292,760,744,18244,9157,29,0,0,0,0,0,0,828,0,0,0,0,797,0,0,1466,0,1462,0,0,1618,0,0,0,0
Eukaryota;Chordata;Actinopteri;Gobiiformes;Gobiidae;Amblyeleotris;,39,0,0,0,0,0,0,0,0,0,0,0,0,0,0,0,0,0,0,0,0,0,0,0,0,0,0,0,0,0,0,0,0,0,0,0,0,0,0
Eukaryota;Chordata;Actinopteri;Gobiiformes;Gobiidae;Amblyeleotris;Amblyeleotris wheeleri,0,0,0,0,0,0,0,0,0,89,298,0,483,0,0,0,0,0,0,0,0,0,0,0,0,0,0,0,0,0,0,0,0,0,0,0,0,0,0
Eukaryota;Chordata;Actinopteri;Gobiiformes;Gobiidae;Asterropteryx;,0,0,0,1184,0,0,0,0,0,0,0,0,795,589,0,0,0,0,0,0,0,0,0,0,0,0,0,0,0,0,1913,0,0,0,3329,0,0,0,0
Eukaryota;Chordata;Actinopteri;Gobiiformes;Gobiidae;Asterropteryx;Asterropteryx ensifera,0,0,0,360,0,1259,0,0,0,0,723,338,0,332,0,0,0,3164,0,0,0,0,0,0,0,0,0,0,0,0,1027,0,276,0,0,0,0,6297,6260
Eukaryota;Chordata;Actinopteri;Gobiiformes;Gobiidae;Bathygobius;Bathygobius cyclopterus,0,0,0,0,0,0,0,0,0,0,0,0,0,22,0,0,0,0,0,0,0,0,0,0,0,0,0,0,0,0,0,0,0,0,0,0,0,0,0
Eukaryota;Chordata;Actinopteri;Gobiiformes;Gobiidae;Bryaninops;Bryaninops yongei,0,0,0,0,0,0,0,0,0,0,0,0,0,0,0,0,0,0,0,0,0,0,0,0,0,0,60,0,0,0,0,0,0,0,0,0,0,0,0
Eukaryota;Chordata;Actinopteri;Gobiiformes;Gobiidae;Callogobius;Callogobius sp. KAUMI104414,0,0,0,0,0,0,0,0,0,0,0,0,0,0,0,0,0,0,0,0,0,0,0,0,0,0,0,0,0,0,0,0,1926,0,0,0,0,0,0
Eukaryota;Chordata;Actinopteri;Gobiiformes;Gobiidae;Eviota;,0,0,711,0,0,0,0,0,0,0,0,0,0,69,0,0,0,0,0,0,0,0,0,0,0,0,0,0,0,0,0,0,0,0,0,0,0,0,0
Eukaryota;Chordata;Actinopteri;Gobiiformes;Gobiidae;Eviota;Eviota albolineata,0,0,0,0,0,0,0,0,0,0,0,0,0,0,0,0,0,0,0,0,0,0,27,378,0,0,0,0,395,0,0,0,0,0,311,0,0,0,0
Eukaryota;Chordata;Actinopteri;Gobiiformes;Gobiidae;Eviota;Eviota atriventris,0,0,0,0,0,0,0,0,170,20,356,0,60,504,3037,0,0,53,0,0,0,785,0,0,1212,5582,0,0,0,174,0,0,1822,737,0,0,0,0,0
Eukaryota;Chordata;Actinopteri;Gobiiformes;Gobiidae;Eviota;Eviota bifasciata,0,0,900,0,0,0,0,0,0,0,0,0,0,0,0,0,0,0,0,0,0,0,0,0,0,0,0,0,0,0,0,0,0,0,0,0,0,0,0
Eukaryota;Chordata;Actinopteri;Gobiiformes;Gobiidae;Eviota;Eviota melasma,0,0,474,814,0,2299,0,0,640,5064,649,46,4612,685,0,0,0,0,0,0,0,484,0,0,0,0,622,0,0,0,440,45,0,0,2050,0,0,0,0
Eukaryota;Chordata;Actinopteri;Gobiiformes;Gobiidae;Eviota;Eviota punctulata,0,0,0,0,0,0,0,0,187,0,0,0,0,0,0,0,0,0,0,0,0,454,0,0,0,0,0,0,388,0,0,0,0,0,0,0,0,0,0
Eukaryota;Chordata;Actinopteri;Gobiiformes;Gobiidae;Eviota;Eviota sp.,0,0,0,0,0,0,0,0,0,0,0,0,0,0,0,0,0,0,0,0,0,0,0,1214,0,0,0,0,0,0,0,0,0,0,0,0,0,4,0
Eukaryota;Chordata;Actinopteri;Gobiiformes;Gobiidae;Fusigobius;Fusigobius duospilus,88,304,0,5557,0,0,0,0,0,0,0,148,0,0,0,0,0,0,0,0,0,0,67,0,0,0,1177,0,0,0,0,0,0,0,0,0,0,0,0
Eukaryota;Chordata;Actinopteri;Gobiiformes;Gobiidae;Gnatholepis;Gnatholepis cauerensis,0,0,0,0,164,0,0,0,0,0,0,6,0,0,0,0,0,0,0,0,0,0,0,0,165,0,465,0,180,0,0,0,0,413,0,0,0,0,0
Eukaryota;Chordata;Actinopteri;Gobiiformes;Gobiidae;Gobiodon;Gobiodon okinawae,0,0,0,0,0,0,0,0,0,0,0,0,0,0,0,0,0,28,0,0,0,0,0,0,0,0,0,0,0,0,0,0,0,24,0,0,0,0,0
Eukaryota;Chordata;Actinopteri;Gobiiformes;Gobiidae;Gobiodon;Gobiodon quinquestrigatus,0,0,0,0,0,0,0,0,0,0,0,0,0,0,0,0,0,0,0,0,0,0,0,0,0,0,0,0,0,0,0,6,0,0,0,0,0,0,0
Eukaryota;Chordata;Actinopteri;Gobiiformes;Gobiidae;Gobiodon;Gobiodon rivulatus,0,0,0,0,0,0,0,0,0,0,0,0,0,0,0,0,0,0,0,0,0,0,0,0,0,0,0,0,0,0,0,0,0,11,0,0,0,0,0
Eukaryota;Chordata;Actinopteri;Gobiiformes;Gobiidae;Hazeus;Hazeus otakii,0,0,0,390,0,0,0,0,0,0,0,344,0,0,0,0,0,0,0,0,0,0,0,0,0,0,0,0,0,0,0,18,0,0,0,0,0,0,0
Eukaryota;Chordata;Actinopteri;Gobiiformes;Gobiidae;Oplopomus;Oplopomus oplopomus,0,0,0,0,3146,0,0,0,0,0,0,0,0,0,0,0,0,0,0,0,0,0,0,0,0,0,0,0,0,0,0,0,0,0,0,0,0,0,0
Eukaryota;Chordata;Actinopteri;Gobiiformes;Gobiidae;Parachaeturichthys;Parachaeturichthys polynema,0,0,0,0,0,0,0,0,0,0,0,726,0,0,0,0,0,0,0,0,0,0,0,0,0,0,0,0,0,0,0,0,0,0,0,0,0,0,0
Eukaryota;Chordata;Actinopteri;Gobiiformes;Gobiidae;Pleurosicya;Pleurosicya mossambica,0,0,0,0,0,0,0,0,0,7,0,39,0,0,7,0,0,0,0,0,0,31,115,0,0,0,0,0,0,0,0,0,0,0,0,0,0,0,0
Eukaryota;Chordata;Actinopteri;Gobiiformes;Gobiidae;Priolepis;Priolepis semidoliata,0,0,0,0,0,0,0,0,0,0,0,0,0,0,0,0,0,0,0,0,0,0,0,0,0,656,0,0,0,0,0,0,0,0,0,0,0,0,0
Eukaryota;Chordata;Actinopteri;Gobiiformes;Gobiidae;Ptereleotris;Ptereleotris microlepis,0,0,0,0,0,0,0,0,0,0,1331,0,0,0,0,0,0,0,0,0,0,0,0,0,0,0,0,0,0,0,0,0,0,0,0,0,0,0,0
Eukaryota;Chordata;Actinopteri;Gobiiformes;Gobiidae;Trimma;,0,0,0,0,0,0,0,0,0,0,6091,0,0,0,0,0,0,43,0,0,0,0,0,0,0,0,0,0,0,0,0,0,2673,0,0,0,0,0,0
Eukaryota;Chordata;Actinopteri;Gobiiformes;Gobiidae;Trimma;Trimma benjamini,0,43,0,41,0,0,0,0,0,0,0,0,0,0,0,375,0,0,0,0,0,12,0,0,0,0,0,0,0,0,0,0,0,320,0,0,0,0,0
Eukaryota;Chordata;Actinopteri;Gobiiformes;Gobiidae;Trimma;Trimma emeryi,0,0,242,0,0,0,0,0,0,0,0,4878,0,0,358,0,0,0,0,0,0,24,0,0,0,0,0,0,0,0,0,0,2602,0,0,0,0,0,0
Eukaryota;Chordata;Actinopteri;Gobiiformes;Gobiidae;Trimma;Trimma milta,0,16,0,0,0,13,37,0,280,439,0,0,142,0,0,0,0,0,0,0,0,0,0,0,0,425,0,0,0,111,0,14,0,0,0,0,0,0,0
Eukaryota;Chordata;Actinopteri;Gobiiformes;Gobiidae;Trimma;Trimma woutsi,0,0,0,0,134,877,0,477,0,0,0,78,0,0,0,0,0,0,0,0,0,0,12,0,0,87,74,155,207,0,0,0,0,0,401,0,0,0,0
Eukaryota;Chordata;Actinopteri;Gobiiformes;Gobiidae;Trimmatom;Trimmatom pharus,0,0,0,0,0,3181,0,0,0,0,0,0,0,0,0,0,0,0,0,0,0,0,0,0,0,0,0,0,0,0,0,0,0,0,0,0,0,0,0
Eukaryota;Chordata;Actinopteri;Gobiiformes;Gobiidae;Valenciennea;Valenciennea puellaris,0,5514,0,0,0,0,0,0,0,3194,0,0,0,0,0,0,0,0,0,0,0,0,0,0,0,0,0,0,0,0,0,0,0,0,0,0,0,0,0
Eukaryota;Chordata;Actinopteri;Gobiiformes;Gobiidae;Valenciennea;Valenciennea sexguttata,0,0,0,0,0,0,0,0,0,0,0,0,0,0,0,0,0,0,0,0,0,0,0,0,0,0,370,0,0,0,0,0,0,0,0,0,0,0,0
Eukaryota;Chordata;Actinopteri;Gobiiformes;Trichonotidae;Trichonotus;Trichonotus elegans,0,0,0,0,0,0,0,0,0,0,0,0,0,0,0,0,0,0,0,0,0,0,0,1376,0,0,0,0,0,0,0,758,0,0,0,0,0,0,0
Eukaryota;Chordata;Actinopteri;Holocentriformes;Holocentridae;Myripristis;,0,0,0,0,0,0,0,0,0,14557,540,0,0,0,0,0,0,0,6080,2753,2354,0,0,0,7647,0,0,1511,4419,0,0,0,297,0,0,0,0,0,0
Eukaryota;Chordata;Actinopteri;Holocentriformes;Holocentridae;Myripristis;Myripristis amaena,0,0,0,0,0,0,0,0,0,0,0,0,0,162,0,0,0,0,0,0,0,0,0,0,0,0,3286,0,0,0,0,0,0,0,0,0,0,0,0
Eukaryota;Chordata;Actinopteri;Holocentriformes;Holocentridae;Myripristis;Myripristis berndti,0,0,0,0,0,0,0,0,0,0,0,0,0,0,0,0,0,0,0,0,0,0,1732,0,0,0,0,0,0,0,0,0,0,0,0,0,488,41,0
Eukaryota;Chordata;Actinopteri;Holocentriformes;Holocentridae;Myripristis;Myripristis greenfieldi,0,0,0,0,0,0,0,0,0,0,0,0,2247,0,0,0,0,0,0,0,0,0,0,0,1855,0,4904,0,684,0,0,0,1721,3433,7482,0,106,37,0
Eukaryota;Chordata;Actinopteri;Holocentriformes;Holocentridae;Myripristis;Myripristis kuntee,6,0,0,0,2573,0,0,0,0,0,0,0,0,0,0,0,0,1436,0,0,0,0,0,0,216,0,3392,7846,0,0,0,0,2818,0,0,0,0,0,0
Eukaryota;Chordata;Actinopteri;Holocentriformes;Holocentridae;Myripristis;Myripristis pralinia,0,8884,0,0,0,1925,701,0,0,0,0,638,1184,3270,1968,0,0,0,0,0,0,15359,0,0,3789,3899,6117,0,1896,0,0,0,7139,5221,0,62,337,146,0
Eukaryota;Chordata;Actinopteri;Holocentriformes;Holocentridae;Myripristis;Myripristis violacea,0,0,0,0,0,0,0,0,0,0,0,0,0,0,0,0,0,89,0,0,0,0,0,480,1020,0,1084,107,0,0,0,0,3062,1376,0,110,37,47,0
Eukaryota;Chordata;Actinopteri;Holocentriformes;Holocentridae;Myripristis;Myripristis vittata,0,0,1907,1378,0,0,0,0,0,0,0,0,0,0,0,0,507,0,0,0,0,0,0,0,0,0,0,0,0,0,0,0,0,0,0,0,0,0,0
Eukaryota;Chordata;Actinopteri;Holocentriformes;Holocentridae;Neoniphon;Neoniphon sammara,0,0,0,0,0,0,0,0,0,0,0,0,0,1270,0,0,0,0,0,0,0,0,0,0,0,0,0,0,0,0,0,0,2518,42268,0,48,0,0,0
Eukaryota;Chordata;Actinopteri;Holocentriformes;Holocentridae;Neoniphon;Neoniphon sp.,0,0,0,0,0,0,0,0,0,0,0,0,0,0,0,0,0,0,0,0,0,0,0,0,0,0,1382,0,0,0,0,0,0,0,0,0,0,0,0
Eukaryota;Chordata;Actinopteri;Holocentriformes;Holocentridae;Sargocentron;,0,0,0,0,0,0,577,0,0,2422,1045,2405,0,1858,0,0,0,10667,0,0,0,8659,0,0,0,1265,791,3002,4962,0,0,0,140,1326,0,160,1048,446,0
Eukaryota;Chordata;Actinopteri;Holocentriformes;Holocentridae;Sargocentron;Sargocentron diadema,0,0,985,0,0,0,0,923,0,0,0,0,0,0,0,0,0,0,0,0,0,0,0,0,0,0,114,0,0,0,0,0,0,0,1098,0,0,0,0
Eukaryota;Chordata;Actinopteri;Holocentriformes;Holocentridae;Sargocentron;Sargocentron rubrum,0,0,0,0,0,0,0,0,0,0,0,0,0,0,0,0,0,0,0,0,0,0,0,0,0,0,374,0,0,0,0,0,0,0,0,0,0,0,0
Eukaryota;Chordata;Actinopteri;Kurtiformes;Apogonidae;;,0,0,0,0,0,0,0,0,0,0,0,506,0,0,66,0,0,0,0,0,0,0,0,0,0,0,0,0,0,0,0,0,0,0,0,0,0,0,0
Eukaryota;Chordata;Actinopteri;Kurtiformes;Apogonidae;Apogon;Apogon unicolor,0,0,0,0,0,0,0,0,0,1167,0,0,0,0,0,0,0,0,0,0,0,0,0,0,0,0,0,0,0,0,0,0,0,0,0,0,0,0,0
Eukaryota;Chordata;Actinopteri;Kurtiformes;Apogonidae;Cercamia;Cercamia eremia,0,0,2111,0,0,0,0,0,0,0,0,0,0,0,443,0,0,0,0,0,0,0,0,0,0,0,0,0,0,0,0,0,0,0,0,0,0,0,0
Eukaryota;Chordata;Actinopteri;Kurtiformes;Apogonidae;Cheilodipterus;,0,0,0,0,0,0,0,0,0,0,0,882,0,0,0,0,0,0,0,0,0,0,886,0,0,0,0,0,0,0,0,0,0,0,0,0,0,0,0
Eukaryota;Chordata;Actinopteri;Kurtiformes;Apogonidae;Cheilodipterus;Cheilodipterus quinquelineatus,5495,0,0,0,0,0,0,0,48,9302,0,0,1530,777,0,0,0,0,0,0,0,0,0,0,0,0,0,0,0,484,0,520,0,0,0,0,0,0,0
Eukaryota;Chordata;Actinopteri;Kurtiformes;Apogonidae;Fowleria;Fowleria isostigma,0,0,0,0,0,0,0,0,0,0,0,0,0,0,0,0,0,0,0,0,0,0,0,0,0,0,0,0,0,0,0,0,756,0,0,0,0,0,283
Eukaryota;Chordata;Actinopteri;Kurtiformes;Apogonidae;Gymnapogon;Gymnapogon sp.,0,0,0,0,0,0,0,0,0,0,0,0,0,0,0,0,316,0,0,0,0,0,0,0,0,0,0,0,228,0,0,0,0,0,0,0,0,0,0
Eukaryota;Chordata;Actinopteri;Kurtiformes;Apogonidae;Nectamia;Nectamia bandanensis,0,0,0,0,0,0,0,0,0,0,0,0,0,0,0,0,0,0,0,0,0,0,0,0,0,0,0,0,0,0,0,314,0,0,0,0,0,0,0
Eukaryota;Chordata;Actinopteri;Kurtiformes;Apogonidae;Nectamia;Nectamia savayensis,2891,0,0,0,0,306,0,0,0,0,0,356,0,0,0,0,0,0,0,0,0,3566,0,0,0,0,0,0,0,0,953,1216,1377,0,0,2513,0,0,0
Eukaryota;Chordata;Actinopteri;Kurtiformes;Apogonidae;Ostorhinchus;,16186,0,207,0,0,804,0,5741,0,0,282,357,90,0,0,0,0,0,0,0,0,0,0,0,0,0,0,0,0,0,0,319,0,0,0,0,0,0,0
Eukaryota;Chordata;Actinopteri;Kurtiformes;Apogonidae;Ostorhinchus;Ostorhinchus chrysopomus,0,0,0,0,0,0,0,0,0,0,0,0,0,0,0,0,0,0,13163,7054,5528,0,0,0,0,0,0,0,0,0,0,0,0,0,0,0,0,0,0
Eukaryota;Chordata;Actinopteri;Kurtiformes;Apogonidae;Ostorhinchus;Ostorhinchus compressus,1485,0,0,0,0,0,0,0,0,1004,127,0,3802,148,0,0,0,0,0,0,0,0,0,0,0,0,0,1505,0,362,0,0,0,0,0,0,0,0,0
Eukaryota;Chordata;Actinopteri;Kurtiformes;Apogonidae;Ostorhinchus;Ostorhinchus cyanosoma,564,0,0,0,1501,0,0,0,0,80,0,0,1152,0,1042,0,0,0,0,0,0,0,0,0,0,0,0,0,395,0,0,0,0,0,0,0,0,0,0
Eukaryota;Chordata;Actinopteri;Kurtiformes;Apogonidae;Ostorhinchus;Ostorhinchus moluccensis,0,0,0,0,0,1322,0,0,0,0,0,0,0,0,0,0,647,0,0,0,0,0,0,0,0,0,0,0,0,114,0,0,0,0,0,0,0,0,0
Eukaryota;Chordata;Actinopteri;Kurtiformes;Apogonidae;Ostorhinchus;Ostorhinchus nigrofasciatus,0,0,0,0,0,1292,0,0,0,0,441,0,0,0,0,0,0,2159,0,0,0,0,0,0,1030,0,0,0,0,0,0,0,0,9397,1097,0,0,0,0
Eukaryota;Chordata;Actinopteri;Kurtiformes;Apogonidae;Pristicon;Pristicon rhodopterus,0,0,0,0,0,0,0,0,0,1112,2051,0,1967,7410,0,0,0,0,0,0,0,0,0,0,0,0,0,0,0,361,0,0,0,0,0,0,0,0,0
Eukaryota;Chordata;Actinopteri;Kurtiformes;Apogonidae;Pseudamia;Pseudamia amblyuroptera,0,0,4561,0,0,0,0,0,0,0,0,0,0,0,0,0,0,0,0,0,0,0,0,0,0,0,0,0,0,0,0,0,0,0,0,0,0,0,0
Eukaryota;Chordata;Actinopteri;Kurtiformes;Apogonidae;Sphaeramia;Sphaeramia nematoptera,0,0,0,0,0,0,0,0,0,0,0,0,1231,448,0,0,0,0,0,0,0,0,0,0,0,0,0,0,0,0,0,0,19819,0,0,0,0,0,0
Eukaryota;Chordata;Actinopteri;Kurtiformes;Apogonidae;Taeniamia;,3840,602,0,0,0,0,0,0,0,70042,0,0,4085,0,0,0,0,0,0,0,0,0,0,0,0,0,0,0,0,0,0,0,3232,0,0,0,2008,0,0
Eukaryota;Chordata;Actinopteri;Kurtiformes;Apogonidae;Verulux;Verulux cypselurus,0,0,0,0,0,0,0,0,44,0,2354,0,0,0,0,0,0,0,0,0,0,0,0,0,0,0,552,523,0,0,0,0,0,0,0,0,0,0,0
Eukaryota;Chordata;Actinopteri;Kurtiformes;Apogonidae;Zoramia;Zoramia viridiventer,0,0,0,0,0,0,0,0,0,25329,16840,0,677,0,0,0,0,0,0,0,0,0,0,0,0,0,0,0,0,0,0,0,0,0,0,0,0,0,7
Eukaryota;Chordata;Actinopteri;Labriformes;Labridae;Anampses;Anampses melanurus,0,0,0,0,3603,0,0,0,0,0,0,0,0,0,0,0,0,0,0,0,0,0,0,0,0,0,0,0,0,0,0,0,0,0,0,0,0,0,0
Eukaryota;Chordata;Actinopteri;Labriformes;Labridae;Anampses;Anampses meleagrides,0,0,0,0,0,0,0,0,0,5,0,0,0,0,0,0,0,0,0,0,0,0,0,0,0,0,152,0,1736,0,0,0,0,0,0,0,0,0,0
Eukaryota;Chordata;Actinopteri;Labriformes;Labridae;Bodianus;Bodianus mesothorax,0,0,0,0,0,0,0,0,0,0,0,0,0,0,0,0,0,1489,0,0,0,0,0,0,176,0,0,0,0,161,0,0,0,3898,0,0,242,0,0
Eukaryota;Chordata;Actinopteri;Labriformes;Labridae;Calotomus;Calotomus carolinus,0,0,0,0,0,0,0,0,0,0,0,0,0,0,0,0,0,0,0,0,0,0,0,0,0,0,0,0,0,0,0,0,0,0,0,426,46,0,0
Eukaryota;Chordata;Actinopteri;Labriformes;Labridae;Cetoscarus;Cetoscarus bicolor,0,0,0,0,0,0,0,0,0,0,0,0,0,0,0,0,0,0,0,0,0,0,0,0,0,0,0,0,0,0,0,0,0,0,0,109,1720,27,0
Eukaryota;Chordata;Actinopteri;Labriformes;Labridae;Cheilinus;,64,11,0,0,0,0,171,0,0,0,0,22,0,61,6,0,0,0,0,0,0,0,0,0,0,147,0,0,160,0,0,9,2,0,0,0,0,0,0
Eukaryota;Chordata;Actinopteri;Labriformes;Labridae;Cheilinus;Cheilinus chlorourus,227,0,0,0,0,0,0,0,0,34,0,0,52,65,0,0,0,0,0,0,0,0,0,0,0,0,0,0,0,128,0,27,0,0,0,0,18,0,0
Eukaryota;Chordata;Actinopteri;Labriformes;Labridae;Cheilinus;Cheilinus undulatus,0,0,0,0,0,0,0,0,0,0,0,0,0,52,0,0,0,0,0,0,0,0,0,0,0,288,0,0,0,0,0,0,0,0,0,437,1250,74,0
Eukaryota;Chordata;Actinopteri;Labriformes;Labridae;Chlorurus;,0,0,0,0,0,0,0,0,0,0,0,0,0,53,0,0,0,81,0,0,0,0,0,0,0,6114,0,0,533,0,0,0,41,0,0,0,0,8180,0
Eukaryota;Chordata;Actinopteri;Labriformes;Labridae;Chlorurus;Chlorurus bleekeri,0,877,0,0,0,0,0,0,0,30,415,0,379,1449,0,0,0,342,0,0,0,0,0,0,0,11272,0,0,0,457,2080,0,326,9391,5716,0,0,0,0
Eukaryota;Chordata;Actinopteri;Labriformes;Labridae;Chlorurus;Chlorurus japanensis,0,0,245,151,0,0,0,0,0,333,0,0,0,0,0,0,0,0,0,0,0,0,0,0,0,81,0,0,339,0,0,0,0,0,0,0,687,0,0
Eukaryota;Chordata;Actinopteri;Labriformes;Labridae;Chlorurus;Chlorurus sordidus,0,18908,1012,0,0,0,0,300,13700,0,0,18924,0,6359,0,0,0,801,0,0,0,0,0,0,0,0,47,0,2553,0,0,0,0,16909,0,0,90,0,0
Eukaryota;Chordata;Actinopteri;Labriformes;Labridae;Choerodon;Choerodon anchorago,0,0,0,0,0,0,0,0,0,0,0,0,0,0,0,0,0,0,2316,1253,925,0,0,0,0,0,0,0,0,0,117,0,0,0,0,0,352,0,0
Eukaryota;Chordata;Actinopteri;Labriformes;Labridae;Choerodon;Choerodon azurio,0,0,0,0,0,0,0,0,0,0,0,0,0,0,0,0,0,0,0,0,0,0,0,0,0,0,0,0,0,0,0,0,0,0,0,0,0,0,861
Eukaryota;Chordata;Actinopteri;Labriformes;Labridae;Choerodon;Choerodon oligacanthus,0,0,0,0,0,0,0,0,0,0,0,0,0,0,0,0,0,0,131,0,55,0,0,0,0,0,0,0,0,0,0,0,0,0,0,0,0,0,0
Eukaryota;Chordata;Actinopteri;Labriformes;Labridae;Choerodon;Choerodon schoenleinii,0,0,0,0,0,0,0,0,0,0,0,0,0,0,0,0,0,0,1331,1875,1616,0,156,0,0,0,0,0,0,0,0,0,0,0,0,0,2301,39,0
Eukaryota;Chordata;Actinopteri;Labriformes;Labridae;Cirrhilabrus;Cirrhilabrus cyanopleura,41,72,1192,13,0,0,0,0,0,0,0,1011,60,0,0,0,29,0,0,0,0,43,0,0,0,0,0,0,0,3550,0,2427,0,897,1257,0,0,4318,151
Eukaryota;Chordata;Actinopteri;Labriformes;Labridae;Cirrhilabrus;Cirrhilabrus lubbocki,0,0,0,0,0,21,0,0,0,0,0,0,0,23,0,0,0,0,0,0,0,0,0,0,0,0,0,0,0,0,0,0,0,0,0,0,0,0,0
Eukaryota;Chordata;Actinopteri;Labriformes;Labridae;Coris;Coris gaimard,0,0,0,0,0,3580,0,0,0,1905,0,0,0,0,0,0,0,0,0,0,0,0,0,1162,0,0,0,57,0,0,0,0,0,2700,0,273,0,0,0
Eukaryota;Chordata;Actinopteri;Labriformes;Labridae;Diproctacanthus;Diproctacanthus xanthurus,0,0,0,0,0,0,0,0,0,0,0,0,0,0,0,0,0,0,0,0,0,0,0,0,0,0,0,0,0,6617,0,0,881,0,0,0,0,0,0
Eukaryota;Chordata;Actinopteri;Labriformes;Labridae;Epibulus;Epibulus insidiator,0,0,0,0,0,0,0,0,17,47,0,6,33,26,0,0,0,0,0,0,0,0,0,0,0,0,0,0,0,0,0,0,123,0,0,0,0,0,0
Eukaryota;Chordata;Actinopteri;Labriformes;Labridae;Halichoeres;Halichoeres chloropterus,0,0,0,0,0,0,0,0,0,0,0,0,0,0,0,0,0,0,0,0,0,0,0,0,0,0,0,0,0,0,184,0,0,0,0,0,0,0,0
Eukaryota;Chordata;Actinopteri;Labriformes;Labridae;Halichoeres;Halichoeres hartzfeldii,0,0,0,380,4607,0,0,0,0,0,0,0,0,0,11036,0,0,0,0,0,0,0,0,0,0,0,0,0,0,0,0,202,0,0,0,0,0,0,0
Eukaryota;Chordata;Actinopteri;Labriformes;Labridae;Halichoeres;Halichoeres hortulanus,0,0,0,0,0,0,0,0,0,6161,0,0,0,0,287,0,0,206,0,7,0,0,284,0,0,0,0,0,0,0,0,752,0,0,0,151,0,0,0
Eukaryota;Chordata;Actinopteri;Labriformes;Labridae;Halichoeres;Halichoeres leucurus,0,0,0,0,0,0,0,0,0,5075,0,0,6565,0,0,0,0,0,0,0,0,0,0,0,0,0,0,0,0,426,0,0,0,0,0,0,0,0,0
Eukaryota;Chordata;Actinopteri;Labriformes;Labridae;Halichoeres;Halichoeres melanurus,0,0,0,0,0,0,3676,0,0,0,0,0,0,9,0,0,0,152,0,0,0,0,0,0,0,0,0,0,0,106,0,39,0,0,0,0,0,0,0
Eukaryota;Chordata;Actinopteri;Labriformes;Labridae;Hemigymnus;Hemigymnus melapterus,0,53089,0,0,0,0,0,0,0,0,4464,3,0,948,3781,0,0,0,133,27,16,0,0,0,0,0,0,0,0,3843,6036,0,0,21273,0,26,1744,34,0
Eukaryota;Chordata;Actinopteri;Labriformes;Labridae;Hipposcarus;Hipposcarus longiceps,0,0,0,0,0,0,0,0,0,0,0,0,0,241,0,0,0,0,0,0,0,0,0,0,0,17750,75,0,0,0,0,0,0,0,0,530,144,0,0
Eukaryota;Chordata;Actinopteri;Labriformes;Labridae;Labrichthys;Labrichthys unilineatus,0,0,0,0,0,0,0,0,0,0,0,0,0,2772,0,0,0,221,0,0,0,0,0,0,0,2595,0,0,0,0,6804,0,4700,1727,0,0,0,0,0
Eukaryota;Chordata;Actinopteri;Labriformes;Labridae;Labroides;,0,0,0,0,0,0,0,0,0,0,0,0,0,0,0,0,0,0,0,0,0,0,0,0,0,0,0,0,0,0,0,0,0,206,0,0,0,0,0
Eukaryota;Chordata;Actinopteri;Labriformes;Labridae;Labroides;Labroides dimidiatus,0,0,0,0,0,0,0,0,0,0,0,0,0,0,0,0,0,0,0,0,0,0,0,0,0,0,140,0,0,0,0,842,0,0,0,0,0,0,0
Eukaryota;Chordata;Actinopteri;Labriformes;Labridae;Labropsis;Labropsis manabei,0,0,0,0,0,0,0,0,0,0,0,0,0,0,0,0,0,59,0,0,0,0,0,0,0,0,0,0,0,0,0,0,0,0,0,0,0,0,0
Eukaryota;Chordata;Actinopteri;Labriformes;Labridae;Leptoscarus;Leptoscarus vaigiensis,0,0,0,0,0,0,0,0,0,0,0,0,160,1539,0,0,0,0,0,0,0,0,0,0,0,0,0,0,0,0,211,0,0,0,0,1327,3059,91,0
Eukaryota;Chordata;Actinopteri;Labriformes;Labridae;Novaculichthys;Novaculichthys taeniourus,0,356,0,0,0,0,0,0,0,0,0,0,0,0,0,0,26,0,0,0,0,0,0,0,0,0,0,0,0,0,0,183,0,72,0,0,0,0,0
Eukaryota;Chordata;Actinopteri;Labriformes;Labridae;Oxycheilinus;Oxycheilinus bimaculatus,396,0,0,131,0,0,0,0,0,0,0,0,0,0,0,608,1147,0,0,0,0,0,0,0,273,0,654,0,0,321,0,426,0,0,0,7,0,0,0
Eukaryota;Chordata;Actinopteri;Labriformes;Labridae;Oxycheilinus;Oxycheilinus celebicus,0,0,0,0,0,0,80,0,0,77,85,76,492,479,0,0,0,0,0,0,0,0,0,0,0,0,0,0,0,49,0,38,0,0,0,0,0,0,0
Eukaryota;Chordata;Actinopteri;Labriformes;Labridae;Oxycheilinus;Oxycheilinus digramma,0,12103,0,0,0,132,0,0,0,0,0,0,0,59,0,0,0,129,0,0,0,0,0,0,0,0,0,0,0,0,0,0,0,1155,0,62,1964,199,0
Eukaryota;Chordata;Actinopteri;Labriformes;Labridae;Paracheilinus;Paracheilinus filamentosus,0,0,0,148,0,0,0,0,0,0,1636,5579,7768,0,0,0,0,0,0,0,0,0,0,0,0,0,0,0,0,0,7076,0,0,0,0,0,0,6917,46
Eukaryota;Chordata;Actinopteri;Labriformes;Labridae;Pseudocheilinus;Pseudocheilinus hexataenia,0,0,9,0,16,0,0,0,0,0,0,155,0,0,0,0,0,0,0,0,0,0,0,0,0,0,0,0,0,0,0,0,0,22,0,0,0,0,0
Eukaryota;Chordata;Actinopteri;Labriformes;Labridae;Pseudodax;Pseudodax moluccanus,2,2385,0,0,0,0,0,0,0,255,0,0,0,0,0,0,0,0,0,0,0,0,0,0,0,0,0,0,0,0,0,0,0,0,0,44,14,0,0
Eukaryota;Chordata;Actinopteri;Labriformes;Labridae;Scarus;,68,0,2287,502,4794,0,0,0,19339,74,9933,0,0,0,0,0,0,273,0,0,0,0,0,690,0,0,0,3196,0,1617,166,1786,0,133,0,107,0,0,0
Eukaryota;Chordata;Actinopteri;Labriformes;Labridae;Scarus;Scarus dimidiatus,0,10109,0,0,0,0,0,0,0,0,0,0,0,0,0,0,0,0,0,0,0,0,0,0,0,0,0,0,0,0,0,0,12852,4573,0,0,209,0,0
Eukaryota;Chordata;Actinopteri;Labriformes;Labridae;Scarus;Scarus flavipectoralis,0,0,0,0,0,0,0,0,0,583,997,0,1599,0,0,0,0,0,0,0,0,0,0,0,1110,42,27,0,0,1443,0,504,0,0,0,634,408,0,0
Eukaryota;Chordata;Actinopteri;Labriformes;Labridae;Scarus;Scarus frenatus,0,0,0,0,0,0,0,0,0,0,0,0,223,0,0,0,0,0,0,0,66,0,0,0,0,3743,0,0,0,0,0,0,0,0,0,1726,2174,0,0
Eukaryota;Chordata;Actinopteri;Labriformes;Labridae;Scarus;Scarus ghobban,144,0,0,162,0,0,0,0,0,0,147,1437,0,0,0,0,0,207,0,0,17,0,0,0,6393,3269,6836,0,0,0,0,0,0,0,0,120,568,0,0
Eukaryota;Chordata;Actinopteri;Labriformes;Labridae;Scarus;Scarus niger,0,4797,150,0,19429,0,0,157,41191,4028,8796,12123,0,0,785,78,0,1033,0,0,0,0,60,70,5848,0,4731,0,601,3532,0,72,104,9218,0,83,268,0,0
Eukaryota;Chordata;Actinopteri;Labriformes;Labridae;Scarus;Scarus prasiognathos,0,0,0,0,0,0,0,0,0,0,0,0,0,0,0,0,0,0,0,0,0,0,193,0,0,0,0,0,5064,0,0,0,0,0,0,327,46,0,0
Eukaryota;Chordata;Actinopteri;Labriformes;Labridae;Scarus;Scarus psittacus,0,0,124,0,0,0,0,0,0,0,0,0,0,0,0,0,0,90,0,0,0,0,0,0,213,0,3629,0,0,0,0,0,0,0,0,0,97,18,0
Eukaryota;Chordata;Actinopteri;Labriformes;Labridae;Scarus;Scarus rubroviolaceus,0,0,0,0,0,0,0,0,11760,0,0,0,0,0,0,0,0,0,0,0,0,0,0,0,1546,0,0,0,371,0,0,0,0,0,0,448,0,0,0
Eukaryota;Chordata;Actinopteri;Labriformes;Labridae;Scarus;Scarus spinus,0,0,6863,0,0,0,0,0,0,263,0,0,0,0,48,0,0,5,0,0,0,0,0,0,0,0,0,0,534,0,0,0,0,0,0,0,56,0,294
Eukaryota;Chordata;Actinopteri;Labriformes;Labridae;Scarus;Scarus tricolor,0,0,0,0,5344,0,0,0,0,0,0,0,144,417,0,0,0,44,0,0,0,0,35,0,0,0,0,0,31782,0,0,61,0,2570,0,0,0,0,0
Eukaryota;Chordata;Actinopteri;Labriformes;Labridae;Semicossyphus;Semicossyphus pulcher,0,0,0,0,0,0,0,0,0,0,0,0,0,0,0,0,0,0,0,0,0,0,0,0,0,0,0,0,0,0,340,97,0,0,0,0,0,0,0
Eukaryota;Chordata;Actinopteri;Labriformes;Labridae;Thalassoma;,0,631,0,0,0,0,0,0,0,581,0,0,285,0,3333,0,0,1963,0,0,0,0,0,0,845,2492,0,0,4186,0,9418,853,0,0,0,0,296,0,0
Eukaryota;Chordata;Actinopteri;Labriformes;Labridae;Thalassoma;Thalassoma amblycephalum,0,1188,0,0,0,0,0,0,0,0,0,0,0,0,0,0,0,0,0,0,0,0,342,0,1774,0,0,735,346,0,0,0,0,1746,0,0,1191,0,0
Eukaryota;Chordata;Actinopteri;Labriformes;Labridae;Thalassoma;Thalassoma hardwicke,0,13543,0,0,0,1960,0,0,0,0,142,0,0,0,0,0,0,1268,0,0,0,0,0,0,0,0,0,0,0,0,495,200,0,984,0,0,0,0,0
Eukaryota;Chordata;Actinopteri;Labriformes;Labridae;Thalassoma;Thalassoma jansenii,0,0,0,526,0,1666,0,0,0,0,0,0,0,0,0,0,0,0,0,0,0,0,0,0,0,0,0,0,1327,0,0,0,0,0,0,0,0,0,0
Eukaryota;Chordata;Actinopteri;Labriformes;Labridae;Wetmorella;Wetmorella nigropinnata,0,0,34,0,0,0,0,0,0,0,0,0,0,0,0,0,0,0,0,0,0,0,0,0,0,0,0,0,0,0,0,0,0,0,0,0,0,0,0
Eukaryota;Chordata;Actinopteri;Lutjaniformes;Haemulidae;;,0,0,0,0,0,0,0,0,0,0,3237,0,0,0,0,0,0,0,0,0,0,0,0,30,0,1383,0,0,0,0,0,0,0,0,0,0,0,0,0
Eukaryota;Chordata;Actinopteri;Lutjaniformes;Haemulidae;Diagramma;Diagramma picta,761,0,0,0,0,0,0,0,0,0,1753,600,0,0,0,0,0,0,0,0,0,0,0,0,0,0,0,0,132,0,0,0,0,0,0,0,364,0,0
Eukaryota;Chordata;Actinopteri;Lutjaniformes;Haemulidae;Plectorhinchus;,0,0,11,0,0,338,0,0,0,0,0,0,0,0,0,0,0,0,0,0,0,0,0,0,0,0,0,0,0,0,0,0,303,514,1336,0,0,0,0
Eukaryota;Chordata;Actinopteri;Lutjaniformes;Haemulidae;Plectorhinchus;Plectorhinchus chaetodonoides,0,0,0,0,0,0,0,0,0,1742,0,0,0,0,0,0,0,442,0,0,0,0,0,0,510,0,2003,855,0,0,0,0,0,0,0,685,1556,1295,0
Eukaryota;Chordata;Actinopteri;Lutjaniformes;Haemulidae;Plectorhinchus;Plectorhinchus lessonii,0,0,0,0,0,0,0,0,0,0,228,0,0,0,0,0,0,0,0,0,0,0,0,0,0,0,0,0,0,0,0,0,0,0,0,176,1546,3725,0
Eukaryota;Chordata;Actinopteri;Lutjaniformes;Haemulidae;Plectorhinchus;Plectorhinchus lineatus,0,0,0,0,0,0,0,0,0,7825,0,0,0,0,0,0,0,0,0,0,0,746,0,0,0,0,0,0,0,0,0,0,374,0,0,0,2,0,3049
Eukaryota;Chordata;Actinopteri;Lutjaniformes;Lutjanidae;;,0,0,0,0,0,0,0,0,0,0,0,0,0,0,0,0,0,0,0,28,0,0,0,0,0,0,0,0,39,0,0,0,0,0,0,0,0,0,0
Eukaryota;Chordata;Actinopteri;Lutjaniformes;Lutjanidae;Caesio;,0,1705,0,0,0,0,0,0,398,0,0,0,0,0,1547,0,0,0,0,0,0,0,1460,451,0,760,1917,13,2000,0,0,0,0,0,0,0,0,0,0
Eukaryota;Chordata;Actinopteri;Lutjaniformes;Lutjanidae;Caesio;Caesio caerulaurea,0,5098,0,615,0,0,0,2543,2666,0,368,780,327,1470,0,0,0,2098,0,0,0,0,3284,0,18916,8336,2054,0,18188,0,0,0,0,1715,2139,0,43,0,127
Eukaryota;Chordata;Actinopteri;Lutjaniformes;Lutjanidae;Caesio;Caesio cuning,0,3381,0,0,0,0,1485,0,0,35060,26548,117702,51281,8856,0,0,0,12620,1002,262,234,0,0,0,4251,517,13688,26272,0,0,0,0,0,0,0,0,20910,3968,2527
Eukaryota;Chordata;Actinopteri;Lutjaniformes;Lutjanidae;Caesio;Caesio lunaris,0,0,0,0,0,0,0,9387,0,668,0,0,0,0,2899,0,0,0,0,0,0,0,0,0,0,309,0,4614,1405,0,0,0,0,2828,0,0,49,0,0
Eukaryota;Chordata;Actinopteri;Lutjaniformes;Lutjanidae;Caesio;Caesio teres,0,0,0,0,3619,0,0,0,0,288,0,0,0,0,1811,0,0,0,0,0,0,0,1142,1904,2390,0,897,0,11533,0,0,0,0,0,0,0,0,0,0
Eukaryota;Chordata;Actinopteri;Lutjaniformes;Lutjanidae;Dipterygonotus;Dipterygonotus balteatus,0,0,0,0,0,0,0,0,0,1432,0,0,0,0,0,0,0,0,0,0,0,0,8669,5687,0,0,0,0,0,0,0,0,0,0,0,0,0,0,0
Eukaryota;Chordata;Actinopteri;Lutjaniformes;Lutjanidae;Lutjanus;,0,0,0,0,0,0,0,0,0,0,0,0,0,0,0,0,0,0,45,22,0,0,399,0,0,0,0,0,0,0,0,0,5991,25460,0,131,0,38,0
Eukaryota;Chordata;Actinopteri;Lutjaniformes;Lutjanidae;Lutjanus;Lutjanus bohar,0,0,0,0,0,0,0,0,0,508,0,0,0,0,0,0,0,292,0,0,0,0,0,0,0,0,0,0,0,0,0,0,0,0,0,454,11063,86,0
Eukaryota;Chordata;Actinopteri;Lutjaniformes;Lutjanidae;Lutjanus;Lutjanus carponotatus,0,0,0,0,0,0,0,0,0,0,0,0,0,0,0,0,0,0,252,202,324,0,0,0,0,0,0,0,0,0,0,0,0,0,0,0,0,0,0
Eukaryota;Chordata;Actinopteri;Lutjaniformes;Lutjanidae;Lutjanus;Lutjanus decussatus,0,4417,0,0,0,0,0,0,0,0,0,0,0,0,0,0,0,0,0,0,0,0,0,0,0,2791,0,0,0,0,0,0,733,0,0,0,0,0,0
Eukaryota;Chordata;Actinopteri;Lutjaniformes;Lutjanidae;Lutjanus;Lutjanus gibbus,0,0,0,0,0,0,0,1192,0,0,0,0,0,0,0,0,0,2945,0,0,0,0,0,0,0,0,598,7748,0,0,0,0,0,0,0,0,85,1908,0
Eukaryota;Chordata;Actinopteri;Lutjaniformes;Lutjanidae;Lutjanus;Lutjanus kasmira,0,0,0,0,0,0,0,0,0,0,0,0,0,0,0,0,0,0,0,0,0,0,539,0,0,0,0,0,0,0,0,0,0,0,0,0,0,0,0
Eukaryota;Chordata;Actinopteri;Lutjaniformes;Lutjanidae;Lutjanus;Lutjanus lutjanus,0,0,0,0,0,0,0,0,0,0,0,0,0,0,0,0,0,0,27,23,55,0,0,0,0,0,0,0,0,0,0,0,0,303,0,53,0,0,0
Eukaryota;Chordata;Actinopteri;Lutjaniformes;Lutjanidae;Lutjanus;Lutjanus russellii,0,0,0,0,0,0,0,0,0,5716,0,0,2072,0,0,0,0,0,0,0,0,0,0,0,0,0,0,0,0,0,0,0,0,0,0,0,0,0,0
Eukaryota;Chordata;Actinopteri;Lutjaniformes;Lutjanidae;Pterocaesio;,0,33933,374,12745,0,0,0,0,0,4985,0,401,528,8,2158,7533,0,2031,0,0,0,0,0,0,6115,12180,1242,0,0,0,0,0,0,338,0,0,0,1698,9456
Eukaryota;Chordata;Actinopteri;Lutjaniformes;Lutjanidae;Pterocaesio;Pterocaesio digramma,0,4096,0,1807,0,0,1388,0,0,0,0,0,0,0,3002,0,155,0,0,0,0,6367,0,0,2242,9573,8808,0,0,6033,0,2023,7944,1592,35316,0,0,20508,0
Eukaryota;Chordata;Actinopteri;Lutjaniformes;Lutjanidae;Pterocaesio;Pterocaesio marri,0,27,0,2740,0,0,0,0,5067,0,0,10,0,0,0,0,0,0,0,0,0,0,0,0,0,0,50,0,13158,0,0,0,0,0,0,0,2348,0,0
Eukaryota;Chordata;Actinopteri;Lutjaniformes;Lutjanidae;Pterocaesio;Pterocaesio tessellata,0,6135,0,0,0,0,0,0,0,29655,204,3178,0,566,156811,0,1369,5606,0,0,24,0,0,0,58212,413,15564,2336,0,0,0,0,1114,1176,0,0,0,3478,619
Eukaryota;Chordata;Actinopteri;Lutjaniformes;Lutjanidae;Pterocaesio;Pterocaesio tile,0,0,1486,0,2278,0,0,0,2553,0,0,0,0,379,7413,0,0,0,0,0,0,0,36274,7425,564,0,0,0,26777,0,0,0,0,466,0,17,1896,10053,0
Eukaryota;Chordata;Actinopteri;Mugiliformes;Mugilidae;;,0,0,0,0,0,0,0,0,0,0,0,0,1469,0,56,0,0,0,0,0,0,0,0,0,0,0,0,0,0,0,0,0,0,0,0,0,0,66,0
Eukaryota;Chordata;Actinopteri;Mugiliformes;Mugilidae;Moolgarda;Moolgarda seheli,425,0,0,0,0,0,0,0,0,0,0,0,0,0,0,0,0,0,0,0,0,0,0,0,0,0,2618,0,0,0,237,315,0,0,0,0,27,0,0
Eukaryota;Chordata;Actinopteri;Mugiliformes;Mugilidae;Planiliza;Planiliza subviridis,0,0,0,0,0,0,0,0,0,0,0,0,0,0,0,0,0,0,45,40,18,0,0,0,0,0,0,0,0,0,0,0,0,0,0,0,9,0,0
Eukaryota;Chordata;Actinopteri;Myctophiformes;Myctophidae;Benthosema;Benthosema fibulatum,0,0,281,0,0,1625,3081,3632,0,0,89,0,0,0,515,0,0,0,0,0,0,0,53,0,0,0,0,0,526,0,0,0,0,1599,0,0,0,0,0
Eukaryota;Chordata;Actinopteri;Myctophiformes;Myctophidae;Diaphus;Diaphus chrysorhynchus,0,0,0,0,0,0,289,0,22,0,0,0,0,0,0,0,0,0,0,0,0,0,0,0,0,0,0,0,0,0,0,0,0,0,0,0,0,0,0
Eukaryota;Chordata;Actinopteri;Myctophiformes;Myctophidae;Diaphus;Diaphus sp. CBM DNA No. 2014-621,0,0,0,0,0,0,0,434,12,0,0,0,0,0,59,0,0,0,0,0,0,0,0,300,0,0,0,0,0,0,0,0,0,0,0,0,0,0,0
Eukaryota;Chordata;Actinopteri;Myctophiformes;Myctophidae;Myctophum;Myctophum nitidulum,0,0,0,0,28,0,0,0,0,0,0,0,0,0,0,0,0,0,0,0,0,0,0,0,0,0,0,0,0,0,0,0,0,0,0,0,0,0,0
Eukaryota;Chordata;Actinopteri;NA;Centrogenyidae;Centrogenys;Centrogenys vaigiensis,0,0,0,0,0,0,0,0,0,0,0,124,0,0,0,0,0,0,0,0,0,0,0,0,0,0,0,0,0,0,0,0,0,0,0,0,0,0,0
Eukaryota;Chordata;Actinopteri;NA;Centropomidae;Psammoperca;Psammoperca waigiensis,0,0,0,0,0,0,0,0,0,0,0,0,0,0,0,0,0,0,4761,3804,3295,0,0,0,0,0,0,0,0,0,0,0,0,0,0,0,18,46,0
Eukaryota;Chordata;Actinopteri;NA;Malacanthidae;Malacanthus;Malacanthus latovittatus,0,0,0,0,0,0,0,0,0,0,0,0,0,0,0,0,0,0,0,0,0,0,0,0,0,0,38,0,0,0,0,0,0,0,0,0,0,0,0
Eukaryota;Chordata;Actinopteri;NA;Plesiopidae;Plesiops;Plesiops oxycephalus,0,0,0,0,0,0,0,0,0,0,0,0,2721,257,0,0,0,0,0,0,0,0,0,0,0,0,0,0,0,0,0,0,0,0,0,0,0,0,0
Eukaryota;Chordata;Actinopteri;NA;Plesiopidae;Plesiops;Plesiops verecundus,0,0,0,0,0,0,0,0,0,0,0,0,0,0,61,0,0,0,0,0,0,0,0,0,0,0,0,0,0,0,0,0,0,0,0,0,0,0,0
Eukaryota;Chordata;Actinopteri;NA;Pomacanthidae;Centropyge;Centropyge bicolor,0,0,0,745,0,0,0,0,0,0,404,138,0,0,313,0,0,44,0,0,0,0,0,0,0,0,1242,0,0,0,0,0,0,0,0,0,0,0,0
Eukaryota;Chordata;Actinopteri;NA;Pomacanthidae;Centropyge;Centropyge nox,0,0,231,0,0,0,0,0,0,0,0,401,747,181,0,4736,0,2026,0,0,0,0,0,0,0,1600,0,0,0,0,0,0,3115,0,0,0,0,0,549
Eukaryota;Chordata;Actinopteri;NA;Pomacanthidae;Centropyge;Centropyge tibicen,0,0,0,0,0,0,0,0,0,0,0,7,0,0,65,0,0,0,0,0,0,0,0,0,0,0,0,0,0,0,0,0,0,265,0,0,0,0,0
Eukaryota;Chordata;Actinopteri;NA;Pomacanthidae;Chaetodontoplus;Chaetodontoplus mesoleucus,0,0,0,0,0,0,0,0,0,0,0,0,0,0,0,0,0,0,1201,213,273,0,0,0,0,0,490,0,0,0,0,0,0,0,0,0,0,0,0
Eukaryota;Chordata;Actinopteri;NA;Pomacanthidae;Pomacanthus;Pomacanthus imperator,0,0,0,0,0,0,0,0,0,222,0,0,0,0,127,0,0,0,0,0,0,0,0,0,0,0,7,0,949,0,0,0,0,0,79,0,0,0,0
Eukaryota;Chordata;Actinopteri;NA;Pomacanthidae;Pomacanthus;Pomacanthus semicirculatus,0,0,0,0,0,0,0,0,0,0,1648,0,0,0,0,771,0,0,0,0,0,0,0,0,0,0,0,0,0,0,0,0,0,0,0,0,0,0,0
Eukaryota;Chordata;Actinopteri;NA;Pomacanthidae;Pomacanthus;Pomacanthus xanthometopon,0,0,0,0,0,0,0,0,0,4010,428,0,0,0,0,0,0,0,0,0,0,0,0,0,0,0,0,0,0,4698,0,0,0,0,0,0,0,0,0
Eukaryota;Chordata;Actinopteri;NA;Pomacentridae;Abudefduf;Abudefduf vaigiensis,0,0,0,0,0,0,0,0,0,0,0,0,0,0,0,0,0,696,0,0,0,0,0,0,0,0,735,0,0,0,0,0,0,0,0,0,0,0,0
Eukaryota;Chordata;Actinopteri;NA;Pomacentridae;Acanthochromis;Acanthochromis polyacanthus,10343,0,1434,3063,0,0,0,0,0,8051,1083,0,12783,6784,569,5725,0,0,12,0,0,0,0,0,0,0,664,0,0,14813,35550,4026,0,1762,38796,34,0,8128,0
Eukaryota;Chordata;Actinopteri;NA;Pomacentridae;Amblyglyphidodon;Amblyglyphidodon aureus,0,0,0,1206,0,0,0,0,0,105,0,1634,0,0,0,0,0,0,0,0,0,0,0,0,1748,0,1841,0,0,160,774,507,0,4551,0,0,0,0,0
Eukaryota;Chordata;Actinopteri;NA;Pomacentridae;Amblyglyphidodon;Amblyglyphidodon leucogaster,552,2938,0,3185,0,0,0,0,11395,0,0,2104,5370,4337,2858,0,0,4402,0,0,0,12640,729,0,0,305,0,0,0,0,0,0,37245,1531,7642,52,0,15180,0
Eukaryota;Chordata;Actinopteri;NA;Pomacentridae;Amblyglyphidodon;Amblyglyphidodon ternatensis,0,0,0,0,0,0,0,0,0,0,0,0,0,0,0,0,0,0,0,0,0,0,0,0,0,0,0,0,0,0,0,0,6931,0,0,0,0,0,0
Eukaryota;Chordata;Actinopteri;NA;Pomacentridae;Amblypomacentrus;Amblypomacentrus clarus,0,0,0,0,0,0,0,0,0,0,0,0,0,0,0,0,0,0,0,0,0,0,403,0,0,0,0,0,0,0,0,0,0,0,0,0,0,0,0
Eukaryota;Chordata;Actinopteri;NA;Pomacentridae;Amphiprion;Amphiprion polymnus,1298,0,0,0,0,0,0,0,0,0,0,0,0,0,0,0,7961,0,0,0,0,0,0,0,0,0,0,0,0,0,0,0,0,0,0,0,0,0,0
Eukaryota;Chordata;Actinopteri;NA;Pomacentridae;Chromis;Chromis albicauda,0,38,0,133,0,0,0,0,0,0,0,0,0,0,0,0,0,0,0,0,0,0,0,0,0,0,0,0,0,0,0,0,0,0,0,0,77,0,0
Eukaryota;Chordata;Actinopteri;NA;Pomacentridae;Chromis;Chromis analis,0,0,0,0,0,0,0,349,0,0,0,0,0,0,0,0,0,0,0,0,0,0,0,0,0,0,0,0,0,0,0,0,0,0,0,0,1137,613,0
Eukaryota;Chordata;Actinopteri;NA;Pomacentridae;Chromis;Chromis retrofasciata,0,0,0,0,0,0,0,0,0,0,0,89,0,0,0,0,0,121,0,0,0,0,0,0,0,0,38,0,0,0,0,0,0,0,0,0,0,0,0
Eukaryota;Chordata;Actinopteri;NA;Pomacentridae;Chromis;Chromis ternatensis,923,2677,312,0,0,294,0,0,0,151,0,348,0,107,992,0,0,0,0,0,0,1352,0,0,0,937,34,0,177,0,0,0,766,1823,77,57,0,191,230
Eukaryota;Chordata;Actinopteri;NA;Pomacentridae;Chromis;Chromis xanthochira,0,1353,0,0,0,0,0,0,0,162,157,165,0,0,311,0,0,304,0,0,0,0,0,0,269,282,173,98,0,0,0,0,0,1687,0,0,0,0,0
Eukaryota;Chordata;Actinopteri;NA;Pomacentridae;Chrysiptera;Chrysiptera talboti,0,0,3731,0,0,0,0,0,0,0,0,0,0,0,0,0,0,0,0,0,0,0,0,0,0,0,0,0,0,0,0,0,0,0,0,0,0,0,0
Eukaryota;Chordata;Actinopteri;NA;Pomacentridae;Chrysiptera;Chrysiptera traceyi,0,0,0,0,0,0,0,0,0,0,0,0,0,0,0,0,0,0,0,0,0,681,0,0,0,566,0,0,0,0,0,0,0,948,0,0,0,0,0
Eukaryota;Chordata;Actinopteri;NA;Pomacentridae;Dascyllus;Dascyllus melanurus,0,0,0,0,0,0,0,0,0,0,0,0,0,0,0,0,0,0,0,0,0,0,0,0,0,273,0,0,0,0,318,0,0,0,0,0,0,0,0
Eukaryota;Chordata;Actinopteri;NA;Pomacentridae;Dascyllus;Dascyllus reticulatus,36,0,0,0,0,0,0,18,0,136,112,234,0,0,18,0,0,562,0,0,0,0,0,0,0,0,241,0,0,129,0,559,51,888,225,0,0,0,0
Eukaryota;Chordata;Actinopteri;NA;Pomacentridae;Dischistodus;Dischistodus melanotus,0,0,0,0,0,0,0,0,0,0,0,0,0,0,0,0,0,0,0,0,0,0,0,0,0,1092,0,0,0,0,0,0,0,0,0,0,0,0,0
Eukaryota;Chordata;Actinopteri;NA;Pomacentridae;Lepidozygus;Lepidozygus tapeinosoma,0,0,0,0,0,0,0,0,0,0,0,0,0,0,1665,0,0,0,0,0,0,0,0,0,0,0,0,0,0,0,0,0,0,0,0,0,0,0,0
Eukaryota;Chordata;Actinopteri;NA;Pomacentridae;Neoglyphidodon;Neoglyphidodon melas,0,0,2526,0,0,0,0,0,0,875,0,0,0,1245,0,0,0,0,0,0,0,0,0,0,0,0,0,0,0,0,0,0,0,0,0,0,0,0,0
Eukaryota;Chordata;Actinopteri;NA;Pomacentridae;Neoglyphidodon;Neoglyphidodon thoracotaeniatus,0,0,0,0,0,0,0,0,0,0,0,938,765,0,648,0,0,0,0,0,0,84,0,0,0,0,0,0,0,0,0,0,0,0,0,0,0,0,0
Eukaryota;Chordata;Actinopteri;NA;Pomacentridae;Pomacentrus;Pomacentrus auriventris,0,0,0,0,0,0,0,0,0,86,0,0,0,0,0,0,0,0,0,0,0,0,0,0,595,0,0,0,0,0,0,0,0,1123,0,0,0,1589,3085
Eukaryota;Chordata;Actinopteri;NA;Pomacentridae;Pomacentrus;Pomacentrus brachialis,2738,33797,0,12640,0,6663,153,612,0,824,0,2598,0,525,8817,0,0,4679,0,0,0,9409,0,0,0,5089,1798,5,0,29735,6051,8104,0,6813,21641,0,11,0,0
Eukaryota;Chordata;Actinopteri;NA;Pomacentridae;Pomacentrus;Pomacentrus burroughi,0,0,0,0,0,0,0,0,0,0,0,0,1242,4735,0,0,0,0,0,0,0,0,0,0,0,1230,0,0,0,0,0,0,0,0,0,0,0,0,0
Eukaryota;Chordata;Actinopteri;NA;Pomacentridae;Pomacentrus;Pomacentrus callainus,0,0,0,0,0,0,0,0,0,0,64,0,0,0,0,0,0,0,0,0,0,0,0,0,0,0,0,0,0,0,0,0,0,0,0,0,0,0,0
Eukaryota;Chordata;Actinopteri;NA;Pomacentridae;Pomacentrus;Pomacentrus moluccensis,0,4003,4301,0,0,0,1124,0,0,576,0,1108,1655,2584,416,0,0,2196,0,0,0,6149,0,0,0,0,0,0,0,8648,0,5054,812,1200,0,0,0,0,0
Eukaryota;Chordata;Actinopteri;NA;Pomacentridae;Pomacentrus;Pomacentrus stigma,0,0,0,732,0,0,0,0,0,0,0,0,0,186,0,0,0,565,0,0,0,0,0,0,0,0,0,0,0,624,0,0,0,0,0,0,0,0,0
Eukaryota;Chordata;Actinopteri;NA;Pomacentridae;Pomacentrus;Pomacentrus taeniometopon,0,0,0,0,0,0,0,0,0,26149,0,0,3608,5485,0,0,0,0,0,0,0,0,0,0,0,0,0,0,0,0,0,0,0,0,0,0,0,0,0
Eukaryota;Chordata;Actinopteri;NA;Pseudochromidae;Cypho;Cypho purpurascens,0,0,1476,0,0,0,0,0,0,0,0,0,0,0,0,0,0,0,0,0,0,0,0,0,0,0,0,0,0,0,0,0,0,0,0,0,0,0,0
Eukaryota;Chordata;Actinopteri;NA;Pseudochromidae;Labracinus;Labracinus sp. CBMZF10735,0,0,0,0,0,0,0,0,0,0,0,0,0,0,0,0,0,0,0,0,0,0,0,0,0,0,0,0,0,0,0,0,102,0,0,0,0,0,0
Eukaryota;Chordata;Actinopteri;NA;Pseudochromidae;Pseudochromis;Pseudochromis tapeinosoma,0,0,0,0,0,0,0,0,0,235,0,0,0,0,92,0,0,0,0,0,0,0,0,0,0,36,0,0,0,0,0,1452,0,0,0,0,0,0,0
Eukaryota;Chordata;Actinopteri;NA;Siganidae;Siganus;Siganus doliatus,0,0,0,0,0,2179,0,0,0,0,0,0,0,0,0,0,0,0,0,0,0,0,0,0,0,0,0,0,0,0,0,0,10832,0,0,0,0,0,0
Eukaryota;Chordata;Actinopteri;NA;Sphyraenidae;Sphyraena;Sphyraena iburiensis,0,0,0,0,0,0,0,0,0,0,0,0,0,0,0,0,0,0,0,0,0,0,0,0,0,0,0,0,0,0,0,0,5011,0,0,0,0,0,0
Eukaryota;Chordata;Actinopteri;NA;Sphyraenidae;Sphyraena;Sphyraena obtusata,0,3616,0,0,0,0,0,0,0,0,0,0,905,0,0,0,0,0,64,40,22,0,0,0,0,0,0,0,0,0,3223,0,19508,0,0,0,0,0,0
Eukaryota;Chordata;Actinopteri;NA;Sphyraenidae;Sphyraena;Sphyraena putnamae,0,0,0,0,0,0,0,0,0,22,0,0,490,813,0,0,0,0,0,0,0,0,3688,0,0,0,26,339,0,0,0,0,0,0,0,0,0,0,0
Eukaryota;Chordata;Actinopteri;Ophidiiformes;Bythitidae;Dinematichthys;Dinematichthys iluocoeteoides,0,0,0,0,0,0,0,0,0,0,0,0,0,0,0,0,0,0,0,0,0,0,0,0,0,0,0,0,0,0,0,0,429,0,0,0,0,0,0
Eukaryota;Chordata;Actinopteri;Pempheriformes;Creediidae;Limnichthys;Limnichthys nitidus,0,0,0,0,0,0,0,0,0,0,0,0,0,0,0,0,0,0,0,0,0,0,0,0,0,0,79,0,0,0,0,21,0,0,0,0,0,0,0
Eukaryota;Chordata;Actinopteri;Pempheriformes;Howellidae;Howella;,0,0,0,0,0,0,0,0,0,0,0,0,0,0,0,0,0,0,0,0,0,0,0,0,0,0,554,0,0,0,0,0,0,0,0,0,0,0,0
Eukaryota;Chordata;Actinopteri;Pempheriformes;Pempheridae;Parapriacanthus;Parapriacanthus ransonneti,0,8987,0,0,0,0,0,0,0,0,0,0,0,0,0,0,0,0,0,0,0,0,0,0,0,0,0,0,728,0,0,0,503,0,0,0,0,0,0
Eukaryota;Chordata;Actinopteri;Pempheriformes;Pempheridae;Pempheris;Pempheris adusta,0,0,0,0,2312,0,0,0,0,0,0,0,0,0,0,0,0,0,18175,9405,8105,0,0,0,0,1052,0,0,0,0,0,0,0,0,0,0,0,13,0
Eukaryota;Chordata;Actinopteri;Perciformes;Platycephalidae;Cociella;Cociella punctata,0,0,0,0,0,0,0,0,0,0,0,0,0,0,0,0,62,0,0,0,0,0,0,0,0,0,0,0,0,0,0,0,0,0,0,0,0,0,0
Eukaryota;Chordata;Actinopteri;Perciformes;Platycephalidae;Onigocia;,0,0,0,0,0,0,0,0,0,0,0,0,0,0,0,0,0,0,0,0,0,0,0,0,0,0,0,0,0,0,0,0,0,1302,0,0,0,0,0
Eukaryota;Chordata;Actinopteri;Perciformes;Scorpaenidae;Scorpaenopsis;Scorpaenopsis papuensis,0,0,0,0,0,0,0,0,0,0,0,0,302,0,0,0,0,0,0,0,0,0,0,0,0,0,0,0,0,0,0,0,0,0,0,0,0,0,0
Eukaryota;Chordata;Actinopteri;Perciformes;Sebastidae;Sebastes;,0,0,0,0,0,0,0,0,0,0,0,0,0,0,0,0,0,0,0,0,0,0,0,0,0,0,0,6,0,0,0,0,0,0,0,0,0,0,0
Eukaryota;Chordata;Actinopteri;Perciformes;Serranidae;Aethaloperca;Aethaloperca rogaa,0,0,0,0,1349,0,0,0,1671,0,0,0,0,0,0,0,0,0,6,0,0,0,0,0,0,540,0,0,0,0,0,0,0,0,0,604,5307,8754,0
Eukaryota;Chordata;Actinopteri;Perciformes;Serranidae;Cephalopholis;,0,0,0,0,0,0,0,0,0,0,0,0,0,0,0,0,0,0,0,0,0,0,0,0,0,0,0,0,0,0,0,0,4131,0,0,2645,17382,2518,0
Eukaryota;Chordata;Actinopteri;Perciformes;Serranidae;Cephalopholis;Cephalopholis argus,0,0,0,0,0,0,8604,0,1470,0,0,0,0,0,0,0,0,0,0,0,0,0,0,0,0,0,0,0,3788,0,0,0,0,0,1203,324,472,248,0
Eukaryota;Chordata;Actinopteri;Perciformes;Serranidae;Cephalopholis;Cephalopholis boenak,0,0,0,0,0,0,0,0,0,11339,854,0,0,0,0,0,0,1576,0,0,0,0,0,0,0,0,0,0,0,0,0,0,0,0,0,0,0,0,0
Eukaryota;Chordata;Actinopteri;Perciformes;Serranidae;Cephalopholis;Cephalopholis cyanostigma,1704,7026,0,0,0,0,0,0,0,746,0,0,9503,1965,354,0,0,0,0,0,0,0,0,0,0,3180,0,0,0,0,1181,0,5337,0,6200,68,639,973,0
Eukaryota;Chordata;Actinopteri;Perciformes;Serranidae;Cephalopholis;Cephalopholis leopardus,0,38,0,0,0,0,0,291,0,0,0,0,0,0,0,0,0,1176,0,0,0,0,0,0,0,0,0,10389,5635,0,0,0,0,8777,0,0,0,16,0
Eukaryota;Chordata;Actinopteri;Perciformes;Serranidae;Cephalopholis;Cephalopholis sexmaculata,0,0,0,0,0,0,0,0,0,0,0,284,0,0,0,0,0,0,0,0,0,0,0,0,0,0,0,0,0,0,0,0,0,0,0,0,2953,6180,0
Eukaryota;Chordata;Actinopteri;Perciformes;Serranidae;Cephalopholis;Cephalopholis sonnerati,0,2998,0,0,0,0,0,0,0,0,0,0,0,0,0,0,0,0,0,0,0,0,0,0,0,0,0,0,0,0,0,0,0,0,0,0,0,0,0
Eukaryota;Chordata;Actinopteri;Perciformes;Serranidae;Cephalopholis;Cephalopholis spiloparaea,0,0,0,0,0,0,0,0,0,0,0,103,0,0,0,0,0,0,0,0,0,0,0,0,264,0,0,0,0,0,0,0,0,555,0,0,345,0,0
Eukaryota;Chordata;Actinopteri;Perciformes;Serranidae;Cephalopholis;Cephalopholis urodeta,0,0,0,0,484,0,0,0,0,0,0,0,0,0,0,0,0,0,0,0,0,0,0,0,0,0,0,0,0,0,0,0,0,2604,0,1287,9594,1426,0
Eukaryota;Chordata;Actinopteri;Perciformes;Serranidae;Epinephelus;,0,0,0,0,0,0,0,2,0,0,0,7030,0,0,0,0,0,0,149316,137026,80281,0,0,4,578,609,1131,4400,0,0,0,0,0,0,0,2641,44636,2973,19
Eukaryota;Chordata;Actinopteri;Perciformes;Serranidae;Epinephelus;Epinephelus coioides,0,0,0,0,0,0,0,2262,0,0,0,0,0,0,0,0,0,0,9601,25143,19605,0,0,0,0,0,0,0,0,0,0,0,0,0,0,475,11015,173,0
Eukaryota;Chordata;Actinopteri;Perciformes;Serranidae;Epinephelus;Epinephelus merra,0,0,0,0,0,1426,0,0,0,779,0,0,0,0,0,0,0,0,0,0,0,0,0,0,0,0,0,0,0,0,0,0,67,0,0,900,78,303,0
Eukaryota;Chordata;Actinopteri;Perciformes;Serranidae;Epinephelus;Epinephelus ongus,0,0,0,0,0,0,0,0,0,0,0,0,0,0,0,0,0,0,0,0,0,0,0,0,0,0,0,0,0,0,0,0,0,0,0,45,372,346,0
Eukaryota;Chordata;Actinopteri;Perciformes;Serranidae;Epinephelus;Epinephelus polyphekadion,0,0,0,0,0,0,0,0,0,0,0,0,1587,0,0,0,0,0,0,0,0,0,0,0,0,0,0,0,0,0,0,0,0,0,0,0,0,0,0
Eukaryota;Chordata;Actinopteri;Perciformes;Serranidae;Epinephelus;Epinephelus quoyanus,0,0,0,0,0,0,0,0,0,0,0,0,0,0,0,0,0,0,130,168,73,0,0,0,0,0,0,0,0,0,0,0,0,0,0,0,0,0,0
Eukaryota;Chordata;Actinopteri;Perciformes;Serranidae;Epinephelus;Epinephelus sp. CBMDNA No. 2019-231,0,0,0,0,0,0,0,0,0,0,0,0,0,0,0,0,0,0,0,0,0,0,0,0,0,0,0,0,0,0,0,0,0,0,0,0,92,0,0
Eukaryota;Chordata;Actinopteri;Perciformes;Serranidae;Grammistops;Grammistops ocellatus,0,0,0,0,0,0,0,0,0,0,0,0,0,0,0,0,0,0,0,0,0,0,0,0,0,610,0,0,0,0,0,0,0,0,0,0,0,0,0
Eukaryota;Chordata;Actinopteri;Perciformes;Serranidae;Luzonichthys;Luzonichthys sp.,0,0,0,0,0,0,0,0,0,0,0,0,0,0,0,0,0,0,0,0,0,0,0,0,0,0,0,0,0,0,0,0,0,0,0,0,161,0,0
Eukaryota;Chordata;Actinopteri;Perciformes;Serranidae;Plectranthias;Plectranthias nanus,0,0,0,0,0,877,0,0,0,0,0,0,0,0,0,0,0,0,0,0,0,0,0,0,0,0,0,0,0,0,0,0,0,0,0,0,0,0,0
Eukaryota;Chordata;Actinopteri;Perciformes;Serranidae;Plectropomus;Plectropomus areolatus,0,0,0,0,0,0,0,0,0,0,0,0,0,3113,0,0,0,235,0,0,0,0,0,0,0,0,0,0,0,0,0,0,0,0,0,0,0,43,0
Eukaryota;Chordata;Actinopteri;Perciformes;Serranidae;Plectropomus;Plectropomus leopardus,0,0,0,0,0,0,0,0,0,0,0,0,0,0,0,0,0,0,0,0,0,0,0,0,0,0,0,0,0,0,0,0,0,0,0,0,179,178,0
Eukaryota;Chordata;Actinopteri;Perciformes;Serranidae;Plectropomus;Plectropomus maculatus,0,0,0,0,0,0,0,0,0,19301,12109,0,0,0,0,0,0,0,2254,3461,2893,0,0,0,0,0,0,0,0,0,0,0,0,0,0,116,4069,136,0
Eukaryota;Chordata;Actinopteri;Perciformes;Serranidae;Pseudanthias;Pseudanthias huchtii,0,19529,0,0,0,0,0,0,0,16660,0,0,532,263,13585,0,0,1550,0,0,0,0,0,0,0,0,0,0,0,0,0,455,0,5445,0,0,0,0,2340
Eukaryota;Chordata;Actinopteri;Perciformes;Serranidae;Pseudanthias;Pseudanthias hypselosoma,0,0,0,0,0,0,0,0,0,0,0,0,0,0,0,0,113,0,0,0,0,0,0,0,0,0,0,0,0,0,0,0,0,0,0,0,0,0,0
Eukaryota;Chordata;Actinopteri;Perciformes;Serranidae;Pseudanthias;Pseudanthias ignitus,0,0,0,0,0,0,0,0,0,0,0,0,0,0,0,0,0,0,0,0,0,0,176,0,0,0,0,0,0,0,0,0,0,0,0,0,16,0,0
Eukaryota;Chordata;Actinopteri;Perciformes;Serranidae;Pseudanthias;Pseudanthias rubrolineatus,0,5549,0,0,0,0,0,0,0,0,0,0,0,0,0,0,0,0,0,0,0,0,0,0,0,0,0,0,0,0,0,0,0,0,0,0,0,0,0
Eukaryota;Chordata;Actinopteri;Perciformes;Serranidae;Pseudanthias;Pseudanthias squamipinnis,0,912,0,139,1078,0,0,0,0,14610,0,0,0,0,13587,0,0,0,0,0,0,0,5131,3928,2376,0,0,0,0,874,0,0,0,0,0,240,0,1347,2734
Eukaryota;Chordata;Actinopteri;Perciformes;Serranidae;Pseudogramma;Pseudogramma polyacantha,0,0,2225,0,0,0,0,0,0,0,0,0,0,0,0,0,0,0,0,0,0,0,82,0,0,0,0,0,0,0,0,0,0,0,5528,0,0,0,0
Eukaryota;Chordata;Actinopteri;Perciformes;Serranidae;Variola;Variola albimarginata,0,0,0,0,0,0,7,0,0,21,0,25,0,3,0,0,0,325,0,0,0,0,0,0,0,0,0,0,0,11,0,0,6,0,0,37918,149157,16157,26
Eukaryota;Chordata;Actinopteri;Perciformes;Serranidae;Variola;Variola louti,0,0,0,0,0,0,0,0,0,0,0,0,0,0,0,0,0,0,0,0,0,0,0,0,0,0,0,0,0,0,0,0,0,0,0,9,81,112,0
Eukaryota;Chordata;Actinopteri;Perciformes;Synanceiidae;Inimicus;,0,0,0,0,0,0,0,0,0,0,0,0,0,0,0,0,723,0,0,0,0,0,0,0,0,0,0,0,0,0,0,0,0,0,0,0,0,0,0
Eukaryota;Chordata;Actinopteri;Perciformes;Synanceiidae;Synanceia;Synanceia verrucosa,0,0,0,0,0,0,0,0,0,0,0,0,0,0,0,0,0,0,0,0,0,0,0,0,0,0,0,0,0,0,0,0,0,680,0,0,0,0,0
Eukaryota;Chordata;Actinopteri;Perciformes;Tetrarogidae;Paracentropogon;Paracentropogon longispinis,0,0,0,0,0,0,0,0,0,0,0,0,0,0,0,0,0,970,0,0,0,0,0,0,0,0,0,0,0,0,0,0,0,0,0,0,0,0,0
Eukaryota;Chordata;Actinopteri;Pleuronectiformes;Soleidae;Dexillus;Dexillus muelleri,0,0,0,0,0,0,0,0,0,0,0,0,0,0,0,0,0,0,339,532,437,0,0,0,0,0,0,0,0,0,0,0,0,0,0,17,586,13,0
Eukaryota;Chordata;Actinopteri;Pleuronectiformes;Soleidae;Pardachirus;Pardachirus pavoninus,20,0,0,0,0,0,0,0,0,0,0,0,0,0,0,0,0,0,0,0,0,0,0,0,0,0,0,0,0,0,0,0,0,0,0,0,0,0,0
Eukaryota;Chordata;Actinopteri;Priacanthiformes;Priacanthidae;Heteropriacanthus;Heteropriacanthus cruentatus,0,0,0,0,0,0,0,0,0,0,0,0,0,0,0,0,0,0,0,0,0,0,0,0,0,0,0,0,69,0,0,0,0,0,0,0,31,0,0
Eukaryota;Chordata;Actinopteri;Scombriformes;Nomeidae;Cubiceps;,0,0,2269,0,388,0,0,0,0,0,0,0,0,0,0,0,3193,0,0,0,0,0,0,0,0,0,109,0,0,0,0,2349,0,0,0,0,0,0,0
Eukaryota;Chordata;Actinopteri;Scombriformes;Scombridae;Auxis;Auxis rochei,0,0,0,0,0,0,0,0,0,195,1078,0,0,0,0,375,0,0,0,0,0,0,0,0,0,0,0,0,0,0,0,713,0,0,0,0,2633,0,0
Eukaryota;Chordata;Actinopteri;Scombriformes;Scombridae;Auxis;Auxis thazard,0,3628,0,0,0,0,0,0,0,322,0,0,0,185,0,0,0,0,0,0,0,704,0,0,0,0,0,0,0,0,0,0,0,0,0,77,0,0,0
Eukaryota;Chordata;Actinopteri;Scombriformes;Scombridae;Grammatorcynus;Grammatorcynus bilineatus,0,0,271,0,0,0,0,1010,0,0,0,400,1048,0,0,1405,0,4000,0,0,0,0,0,0,0,0,1610,0,0,0,0,0,0,0,0,0,0,0,0
Eukaryota;Chordata;Actinopteri;Scombriformes;Scombridae;Katsuwonus;Katsuwonus pelamis,3098,0,0,4223,0,6936,0,0,0,554,0,0,9866,571,0,8668,2855,0,0,0,0,0,0,0,0,0,0,0,0,1583,0,6124,3553,0,1866,5642,2105,1019,0
Eukaryota;Chordata;Actinopteri;Scombriformes;Scombridae;Rastrelliger;Rastrelliger faughni,0,0,91,12647,0,2512,0,0,0,1741,0,0,1754,215,0,0,0,0,0,0,0,0,0,0,0,0,0,0,0,495,0,0,489,0,0,0,0,0,0
Eukaryota;Chordata;Actinopteri;Scombriformes;Scombridae;Rastrelliger;Rastrelliger kanagurta,3919,9086,1655,16553,0,12690,9691,0,0,9555,14979,1374,17030,14175,5386,14654,37670,0,0,0,0,17,0,0,0,11733,4830,10,0,1623,16386,18990,12,0,3207,262,33,9,35493
Eukaryota;Chordata;Actinopteri;Scombriformes;Scombridae;Scomberomorus;,0,0,0,0,0,0,0,0,0,0,0,0,0,0,0,0,0,0,0,6,0,0,0,0,0,0,0,0,0,0,0,0,0,0,0,167,400,134,0
Eukaryota;Chordata;Actinopteri;Scombriformes;Scombridae;Thunnus;,0,0,0,1002,0,0,0,0,0,0,0,0,1254,179,436,0,1681,0,0,0,0,0,0,0,0,0,0,0,0,0,0,3214,0,0,23873,4630,1188,1403,0
Eukaryota;Chordata;Actinopteri;Siluriformes;Ariidae;Netuma;Netuma bilineata,0,0,0,0,0,0,0,0,0,0,0,0,0,0,0,0,0,0,5,22,21,0,0,0,0,0,0,0,0,0,0,0,0,0,0,0,10,0,0
Eukaryota;Chordata;Actinopteri;Siluriformes;Clariidae;Clarias;,0,0,0,0,0,0,0,0,0,7,0,0,0,0,0,0,0,0,0,0,0,0,0,0,0,0,0,0,0,0,0,0,0,0,0,0,0,0,0
Eukaryota;Chordata;Actinopteri;Siluriformes;Plotosidae;Plotosus;Plotosus japonicus,40,0,84,57,0,0,0,0,0,0,23,243,0,9,0,0,0,178,0,0,0,101,0,0,0,0,0,0,57,481,227,0,274,0,0,0,0,0,0
Eukaryota;Chordata;Actinopteri;Siluriformes;Plotosidae;Plotosus;Plotosus lineatus,0,0,0,0,0,0,0,0,0,0,0,0,249,205,0,243,0,0,0,0,0,0,0,0,0,0,0,0,0,263,0,0,0,0,0,0,0,0,0
Eukaryota;Chordata;Actinopteri;Spariformes;Lethrinidae;Lethrinus;,0,0,0,0,0,0,5302,0,0,0,2783,0,0,2291,0,0,0,1441,0,20,0,0,0,0,0,0,48,0,0,0,0,0,553,0,0,123,306,305,0
Eukaryota;Chordata;Actinopteri;Spariformes;Lethrinidae;Lethrinus;Lethrinus atkinsoni,0,0,0,0,0,0,0,0,0,0,0,279,0,0,0,0,0,0,0,0,0,0,0,0,132,0,0,0,0,0,0,0,0,0,0,65,794,481,0
Eukaryota;Chordata;Actinopteri;Spariformes;Lethrinidae;Lethrinus;Lethrinus cf. lentjan UPVMI-1086,0,0,0,0,0,0,0,0,0,0,647,0,0,0,0,0,0,0,206,342,403,0,0,0,0,0,0,0,0,0,0,0,0,0,0,0,0,0,0
Eukaryota;Chordata;Actinopteri;Spariformes;Lethrinidae;Lethrinus;Lethrinus erythracanthus,0,0,0,0,0,0,0,0,0,0,0,0,0,0,0,0,0,0,0,0,0,0,0,0,0,5094,0,0,0,0,0,0,0,0,0,0,0,0,0
Eukaryota;Chordata;Actinopteri;Spariformes;Lethrinidae;Lethrinus;Lethrinus harak,302,0,0,1385,0,0,0,0,0,0,0,1261,0,0,0,0,0,0,0,0,0,0,0,0,637,0,0,0,0,0,0,0,0,0,0,0,13725,1538,0
Eukaryota;Chordata;Actinopteri;Spariformes;Lethrinidae;Lethrinus;Lethrinus obsoletus,0,0,0,0,0,0,0,0,0,0,0,147,0,0,0,0,0,658,0,0,0,0,0,0,76,0,0,1082,0,0,0,0,0,0,0,0,258,31,0
Eukaryota;Chordata;Actinopteri;Spariformes;Lethrinidae;Lethrinus;Lethrinus olivaceus,0,0,0,0,0,0,0,0,0,0,0,344,0,0,0,0,0,0,0,0,0,0,0,0,0,0,0,0,0,699,0,0,0,0,0,0,0,398,0
Eukaryota;Chordata;Actinopteri;Spariformes;Lethrinidae;Lethrinus;Lethrinus ornatus,0,0,0,0,0,0,0,0,0,0,0,339,0,0,0,0,0,0,0,0,0,0,0,0,0,0,0,0,0,0,0,0,0,0,0,0,0,0,0
Eukaryota;Chordata;Actinopteri;Spariformes;Lethrinidae;Lethrinus;Lethrinus ravus,0,0,0,0,0,0,0,0,0,0,0,0,0,0,0,0,0,0,0,0,0,0,0,0,0,0,0,0,0,0,0,0,0,0,0,0,1317,132,0
Eukaryota;Chordata;Actinopteri;Spariformes;Lethrinidae;Lethrinus;Lethrinus xanthochilus,0,0,0,0,0,0,0,0,0,0,176,0,5427,0,0,0,0,0,0,0,0,0,0,0,0,0,0,0,0,0,0,0,0,0,0,0,0,0,0
Eukaryota;Chordata;Actinopteri;Spariformes;Lethrinidae;Monotaxis;Monotaxis grandoculis,0,0,0,0,0,0,0,0,0,0,0,0,0,78,0,0,0,0,0,0,0,0,0,0,0,0,0,0,0,0,0,0,0,22111,0,0,10,0,0
Eukaryota;Chordata;Actinopteri;Spariformes;Nemipteridae;Nemipterus;,0,0,0,0,0,0,0,0,0,0,0,0,0,0,0,0,0,0,0,0,0,0,0,0,0,0,0,0,0,0,0,0,0,0,0,462,468,11,0
Eukaryota;Chordata;Actinopteri;Spariformes;Nemipteridae;Nemipterus;Nemipterus japonicus,0,0,0,0,0,0,0,0,0,0,0,0,0,0,0,0,0,0,0,0,0,0,0,0,0,0,87,0,0,0,0,0,0,0,0,140,124,0,0
Eukaryota;Chordata;Actinopteri;Spariformes;Nemipteridae;Nemipterus;Nemipterus marginatus,0,0,0,0,0,0,0,0,0,0,101,0,0,0,0,124,0,0,0,0,0,0,0,0,0,0,0,0,0,0,0,0,0,0,0,0,0,0,0
Eukaryota;Chordata;Actinopteri;Spariformes;Nemipteridae;Pentapodus;Pentapodus bifasciatus,0,0,0,0,0,0,0,8,0,0,0,90,0,0,0,0,0,26,292,122,105,0,0,0,0,0,20,0,0,0,0,0,0,0,0,0,3,0,0
Eukaryota;Chordata;Actinopteri;Spariformes;Nemipteridae;Pentapodus;Pentapodus caninus,0,0,0,0,0,0,0,25,0,6,0,0,0,0,0,0,0,20,0,0,0,0,0,0,0,0,19,0,0,0,21,32,0,0,0,0,0,0,0
Eukaryota;Chordata;Actinopteri;Spariformes;Nemipteridae;Scolopsis;,0,0,0,0,0,0,0,0,0,0,0,750,50,283,0,0,87,0,0,0,0,156,0,0,0,0,0,0,569,0,0,0,0,0,0,8535,0,0,0
Eukaryota;Chordata;Actinopteri;Spariformes;Nemipteridae;Scolopsis;Scolopsis ciliata,0,0,0,55,0,0,0,0,0,0,0,0,0,0,0,0,0,0,0,0,0,0,0,0,358,0,603,0,0,0,0,0,0,0,0,0,0,0,0
Eukaryota;Chordata;Actinopteri;Spariformes;Nemipteridae;Scolopsis;Scolopsis monogramma,0,0,0,0,0,0,0,0,0,0,55,26,0,0,0,0,0,0,0,0,0,0,0,0,1895,0,7536,0,0,583,0,46,0,0,0,0,0,0,1964
Eukaryota;Chordata;Actinopteri;Spariformes;Nemipteridae;Scolopsis;Scolopsis vosmeri,0,0,0,0,0,0,0,0,329,0,511,0,0,0,0,0,0,0,0,0,0,0,0,599,999,0,74,0,1129,1439,0,1941,0,5,0,0,18,0,0
Eukaryota;Chordata;Actinopteri;Spariformes;Nemipteridae;Scolopsis;Scolopsis xenochroa,0,0,0,111,590,0,0,0,0,0,0,0,0,0,0,0,0,0,0,0,0,0,0,0,84,0,17,0,0,0,0,0,0,0,0,0,0,0,0
Eukaryota;Chordata;Actinopteri;Spariformes;Sparidae;Acanthopagrus;Acanthopagrus pacificus,0,0,0,0,0,0,0,0,0,0,0,0,0,0,0,0,0,0,0,21,27,0,0,0,0,0,0,0,0,0,0,0,0,0,0,0,0,0,0
Eukaryota;Chordata;Actinopteri;Stomiiformes;Gonostomatidae;Cyclothone;Cyclothone pallida,0,0,0,0,0,0,0,0,0,0,0,0,0,0,0,0,0,0,0,0,0,0,0,0,0,0,0,0,0,0,0,0,0,0,0,0,0,283,0
Eukaryota;Chordata;Actinopteri;Syngnathiformes;Aulostomidae;Aulostomus;Aulostomus chinensis,851,0,1613,0,0,107,0,0,0,0,0,611,0,0,0,0,0,0,0,0,0,0,0,0,0,0,0,0,102,41,0,0,2491,1598,0,0,0,0,0
Eukaryota;Chordata;Actinopteri;Syngnathiformes;Callionymidae;Callionymus;Callionymus enneactis,0,0,0,0,0,0,0,1266,0,0,0,0,0,0,0,0,0,2292,0,0,0,0,0,0,0,0,2128,0,0,0,0,0,0,0,0,0,0,0,0
Eukaryota;Chordata;Actinopteri;Syngnathiformes;Callionymidae;Callionymus;Callionymus simplicicornis,0,1709,936,2410,0,0,0,0,0,0,0,0,0,884,0,0,0,0,0,0,0,0,88,7614,0,0,0,0,0,0,0,0,0,0,0,0,0,0,0
Eukaryota;Chordata;Actinopteri;Syngnathiformes;Centriscidae;Aeoliscus;Aeoliscus strigatus,0,0,0,0,0,0,0,0,0,0,0,0,597,0,0,6102,0,0,0,0,0,0,0,0,0,0,0,0,0,0,0,0,108,0,0,0,0,0,0
Eukaryota;Chordata;Actinopteri;Syngnathiformes;Centriscidae;Centriscus;Centriscus scutatus,0,0,0,0,0,0,0,0,0,0,0,0,6152,979,0,0,0,0,0,0,0,0,0,0,0,0,0,0,0,352,0,522,0,0,0,0,0,0,0
Eukaryota;Chordata;Actinopteri;Syngnathiformes;Fistulariidae;Fistularia;Fistularia commersonii,0,0,0,0,0,0,0,0,0,0,7902,0,0,0,0,36398,0,0,0,0,2,0,0,0,320,0,1258,0,0,0,0,0,5457,0,0,47,0,0,8
Eukaryota;Chordata;Actinopteri;Syngnathiformes;Mullidae;Mulloidichthys;Mulloidichthys flavolineatus,0,2,0,0,0,0,286,0,0,0,0,1114,0,0,1051,0,0,0,0,0,0,4713,0,0,0,0,539,0,0,0,0,0,3757,333,0,0,0,0,0
Eukaryota;Chordata;Actinopteri;Syngnathiformes;Mullidae;Mulloidichthys;Mulloidichthys vanicolensis,0,0,0,0,1619,0,0,0,0,0,0,0,0,0,0,0,0,0,0,0,0,0,0,0,0,0,0,0,3161,0,0,0,2823,0,0,0,0,0,0
Eukaryota;Chordata;Actinopteri;Syngnathiformes;Mullidae;Parupeneus;Parupeneus barberinus,0,0,0,0,0,0,0,0,0,0,0,0,0,0,0,0,0,0,0,0,0,0,0,0,0,0,0,0,964,0,0,0,0,0,0,51,0,0,0
Eukaryota;Chordata;Actinopteri;Syngnathiformes;Mullidae;Parupeneus;Parupeneus heptacanthus,0,0,0,1305,0,0,0,0,0,0,0,0,0,0,2062,0,0,0,0,0,0,772,0,0,0,0,0,0,0,170,0,0,0,0,0,0,0,0,0
Eukaryota;Chordata;Actinopteri;Syngnathiformes;Mullidae;Parupeneus;Parupeneus indicus,0,3160,0,0,0,0,0,0,0,0,0,12312,685,503,623,0,0,852,0,0,0,0,0,6,283,0,74,0,0,0,58,0,0,0,0,0,16,27,0
Eukaryota;Chordata;Actinopteri;Syngnathiformes;Mullidae;Parupeneus;Parupeneus insularis,0,0,0,0,0,0,0,0,0,0,0,0,0,0,0,0,0,0,0,0,0,0,0,0,0,0,0,447,0,0,0,0,0,0,0,146,1236,459,0
Eukaryota;Chordata;Actinopteri;Syngnathiformes;Mullidae;Parupeneus;Parupeneus multifasciatus,0,12313,0,0,0,1536,0,0,0,0,28,0,0,0,0,0,0,2737,0,0,0,0,0,0,765,0,0,0,0,0,1322,0,0,30,4979,0,1692,245,1815
Eukaryota;Chordata;Actinopteri;Syngnathiformes;Mullidae;Upeneus;Upeneus guttatus,1697,0,0,0,0,0,0,0,0,0,0,0,0,0,0,0,0,0,0,11,0,0,0,0,0,0,0,0,0,0,1793,0,0,0,0,0,0,0,0
Eukaryota;Chordata;Actinopteri;Syngnathiformes;Mullidae;Upeneus;Upeneus itoui,0,0,0,0,0,0,0,0,0,0,0,0,0,0,0,2265,0,0,0,0,0,0,0,0,0,0,0,0,0,0,0,0,0,0,0,0,0,0,0
Eukaryota;Chordata;Actinopteri;Syngnathiformes;Mullidae;Upeneus;Upeneus tragula,94,0,0,0,0,0,5275,0,0,0,631,0,0,0,0,0,0,750,0,0,0,0,0,0,1348,0,88,0,0,0,0,0,0,0,0,0,0,0,0
Eukaryota;Chordata;Actinopteri;Syngnathiformes;Syngnathidae;Syngnathus;Syngnathus leptorhynchus,0,0,0,0,0,0,0,0,0,0,0,0,0,0,0,0,0,0,0,0,0,0,0,0,0,0,0,0,0,0,0,2,0,0,0,0,0,0,0
Eukaryota;Chordata;Actinopteri;Tetraodontiformes;Balistidae;Abalistes;Abalistes stellaris,0,0,0,0,0,0,0,0,0,0,0,0,0,0,0,0,0,90,0,0,0,0,0,0,0,0,0,0,0,0,0,0,0,0,0,48,0,0,0
Eukaryota;Chordata;Actinopteri;Tetraodontiformes;Balistidae;Balistapus;Balistapus undulatus,3986,3783,218,8514,920,2002,18128,1759,2510,3655,7275,696,6515,14561,5984,0,0,8133,6,0,6,0,0,0,9546,16661,1206,358,9205,264,3568,1461,11691,5393,5426,889,5118,1359,3844
Eukaryota;Chordata;Actinopteri;Tetraodontiformes;Balistidae;Balistoides;Balistoides conspicillum,0,0,0,0,0,0,0,0,0,0,0,0,0,0,172,0,0,0,0,0,0,0,0,0,0,0,0,0,0,0,0,0,0,0,0,0,71,0,0
Eukaryota;Chordata;Actinopteri;Tetraodontiformes;Balistidae;Melichthys;,0,0,0,0,5068,0,0,0,0,20,0,1040,0,0,20,0,0,0,0,0,0,0,0,2067,0,0,0,0,4178,0,0,0,547,13984,0,2602,36881,25513,0
Eukaryota;Chordata;Actinopteri;Tetraodontiformes;Balistidae;Odonus;Odonus niger,0,0,0,0,30984,825,9149,7698,42135,15,0,0,15911,767,0,0,0,0,0,0,0,0,26803,92093,13720,0,1915,616,19814,0,0,478,0,0,0,180,13366,15014,1790
Eukaryota;Chordata;Actinopteri;Tetraodontiformes;Balistidae;Pseudobalistes;Pseudobalistes flavimarginatus,2082,0,0,0,0,987,0,465,0,8711,3088,0,0,0,0,0,0,0,0,0,0,0,0,0,4468,1984,6290,4030,3890,3678,717,1180,311,912,0,0,241,7607,0
Eukaryota;Chordata;Actinopteri;Tetraodontiformes;Balistidae;Rhinecanthus;Rhinecanthus verrucosus,4037,0,0,0,0,0,0,0,0,0,0,0,0,0,0,0,0,0,0,0,0,0,0,0,0,0,0,0,0,0,0,0,102,0,0,0,0,3461,0
Eukaryota;Chordata;Actinopteri;Tetraodontiformes;Balistidae;Sufflamen;Sufflamen bursa,0,0,0,1903,0,0,0,0,0,431,0,0,0,0,431,0,0,0,0,0,0,0,0,0,0,0,0,0,0,0,0,0,0,0,0,0,0,0,0
Eukaryota;Chordata;Actinopteri;Tetraodontiformes;Balistidae;Sufflamen;Sufflamen chrysopterum,0,0,0,0,0,0,0,0,121,0,308,520,0,0,0,0,0,0,0,0,0,0,0,0,0,0,0,0,1178,0,0,0,0,0,0,0,0,0,0
Eukaryota;Chordata;Actinopteri;Tetraodontiformes;Diodontidae;Cyclichthys;Cyclichthys orbicularis,2575,0,0,0,0,0,0,0,0,0,0,0,966,0,0,2271,378,0,0,0,0,0,0,0,0,0,0,0,0,1875,0,0,0,0,0,0,0,0,0
Eukaryota;Chordata;Actinopteri;Tetraodontiformes;Monacanthidae;Acreichthys;,0,0,0,0,0,0,0,0,0,0,0,0,0,0,0,0,0,0,17591,9073,7211,0,0,0,0,0,0,0,0,0,0,0,0,0,0,46,18,0,0
Eukaryota;Chordata;Actinopteri;Tetraodontiformes;Monacanthidae;Aluterus;Aluterus scriptus,2200,0,4692,0,0,0,0,0,0,0,0,2314,0,0,0,0,0,1426,0,0,0,0,0,0,0,0,0,0,0,0,1574,795,0,0,0,0,502,0,0
Eukaryota;Chordata;Actinopteri;Tetraodontiformes;Monacanthidae;Amanses;Amanses scopas,0,0,0,0,0,0,0,0,0,0,0,0,0,0,0,0,0,0,0,0,0,0,0,0,0,0,0,0,0,27967,0,332,1831,1826,0,0,0,0,0
Eukaryota;Chordata;Actinopteri;Tetraodontiformes;Monacanthidae;Pervagor;Pervagor janthinosoma,0,0,0,0,0,0,0,0,0,0,0,0,0,0,0,0,0,0,0,0,0,0,260,0,0,0,0,0,0,0,0,0,0,0,0,0,0,0,0
Eukaryota;Chordata;Actinopteri;Tetraodontiformes;Monacanthidae;Pervagor;Pervagor melanocephalus,0,0,0,0,0,0,0,0,0,2,0,0,0,0,0,0,0,2172,0,0,0,0,0,0,0,0,0,0,0,0,0,0,0,0,0,0,0,0,0
Eukaryota;Chordata;Actinopteri;Tetraodontiformes;Monacanthidae;Pseudalutarius;Pseudalutarius nasicornis,0,0,0,0,0,0,0,0,0,0,0,0,0,0,0,0,0,0,0,0,0,0,0,0,0,0,0,0,0,0,0,2046,0,0,0,0,0,0,0
Eukaryota;Chordata;Actinopteri;Tetraodontiformes;Monacanthidae;Pseudomonacanthus;Pseudomonacanthus peroni,0,0,0,0,0,0,0,0,0,0,0,0,0,0,0,0,0,0,0,0,0,0,0,0,0,0,0,0,0,0,780,819,0,0,0,0,0,0,0
Eukaryota;Chordata;Actinopteri;Tetraodontiformes;Ostraciidae;Ostracion;,0,0,0,0,0,0,0,0,0,0,0,0,0,0,0,0,0,0,0,0,0,0,0,0,0,0,0,0,0,0,0,0,4062,0,0,18,794,117,0
Eukaryota;Chordata;Actinopteri;Tetraodontiformes;Tetraodontidae;Arothron;,60,16369,1295,0,0,0,0,1356,128,6527,1014,0,1303,1061,943,0,0,0,0,0,0,1769,105,0,0,4038,0,0,2888,0,0,0,4226,0,0,0,0,0,0
Eukaryota;Chordata;Actinopteri;Tetraodontiformes;Tetraodontidae;Arothron;Arothron hispidus,2799,0,0,0,0,4962,0,0,0,0,0,0,0,0,0,3231,0,0,0,0,0,0,0,137,0,0,0,0,0,0,1721,208,0,0,0,31,0,0,0
Eukaryota;Chordata;Actinopteri;Tetraodontiformes;Tetraodontidae;Arothron;Arothron manilensis,0,0,0,0,0,0,0,0,0,0,3118,2738,0,0,0,0,0,0,0,0,0,0,0,0,0,0,0,0,0,0,0,0,0,0,0,0,0,0,0
Eukaryota;Chordata;Actinopteri;Tetraodontiformes;Tetraodontidae;Arothron;Arothron mappa,2425,0,7637,0,0,0,0,0,1710,0,0,0,0,0,0,0,0,0,0,0,0,0,0,0,0,0,246,783,0,0,0,0,1027,854,13136,0,0,0,0
Eukaryota;Chordata;Actinopteri;Tetraodontiformes;Tetraodontidae;Arothron;Arothron stellatus,0,0,0,0,0,0,0,0,0,0,0,0,0,0,0,0,0,0,0,0,0,0,0,0,0,0,0,0,0,0,0,0,0,3747,0,0,0,0,0
Eukaryota;Chordata;Actinopteri;Tetraodontiformes;Tetraodontidae;Canthigaster;Canthigaster solandri,308,0,0,0,0,0,0,0,0,2915,0,8662,0,1660,0,0,0,0,0,0,0,0,0,0,0,0,0,0,0,0,0,0,0,0,0,0,0,0,0
Eukaryota;Chordata;Actinopteri;Tetraodontiformes;Tetraodontidae;Canthigaster;Canthigaster valentini,1024,0,0,0,0,0,0,0,0,0,314,0,0,478,0,0,0,0,0,0,0,236,0,0,0,0,1198,0,0,0,0,4479,0,0,0,0,0,0,0
Eukaryota;Chordata;Actinopteri;Uranoscopiformes;Pinguipedidae;Parapercis;Parapercis millepunctata,0,1314,0,0,66,0,0,0,0,0,0,0,0,0,0,0,0,0,0,0,0,0,0,55,0,0,0,0,0,0,0,0,0,0,0,0,0,607,405
Eukaryota;Chordata;Actinopteri;Uranoscopiformes;Pinguipedidae;Parapercis;Parapercis multiplicata,0,0,0,0,0,0,0,0,0,0,0,0,0,0,0,0,0,0,0,0,0,0,0,49,0,0,194,0,0,0,0,0,0,0,0,0,0,0,0
Eukaryota;Chordata;Actinopteri;Uranoscopiformes;Pinguipedidae;Parapercis;Parapercis snyderi,134,0,0,0,0,399,0,0,0,3619,0,511,0,0,1165,0,0,0,0,0,0,0,0,0,0,0,0,0,0,0,0,1353,0,0,0,0,0,0,2814
Eukaryota;Chordata;Aves;Anseriformes;Anatidae;Cairina;Cairina moschata,0,0,0,0,0,0,0,0,0,0,0,0,0,0,0,0,0,0,0,0,0,0,0,0,0,0,0,0,0,0,0,313,0,0,0,0,0,0,0
Eukaryota;Chordata;Aves;Psittaciformes;Cacatuidae;Cacatua;Cacatua moluccensis,0,0,0,0,0,0,0,0,0,0,0,0,0,0,0,0,0,0,0,0,0,0,0,0,0,0,0,0,0,31,0,0,0,0,0,0,0,0,0
Eukaryota;Chordata;Chondrichthyes;;;;,0,0,0,0,0,0,0,0,0,0,0,0,0,0,0,0,0,0,0,0,0,0,0,0,0,0,0,0,0,0,0,0,0,0,0,5205,6624,0,0
Eukaryota;Chordata;Chondrichthyes;Carcharhiniformes;;;,0,0,0,0,0,0,0,0,0,0,0,0,0,0,0,0,0,0,0,0,0,0,0,0,0,0,0,0,0,0,0,0,0,0,0,5,57,9,0
Eukaryota;Chordata;Chondrichthyes;Carcharhiniformes;Carcharhinidae;Carcharhinus;,0,0,0,0,0,0,0,0,0,0,0,0,0,0,0,0,0,0,0,0,0,0,0,0,0,0,0,0,0,0,0,0,0,0,0,453,108,0,0
Eukaryota;Chordata;Chondrichthyes;Carcharhiniformes;Carcharhinidae;Carcharhinus;Carcharhinus melanopterus,0,0,0,8,0,0,0,0,0,0,0,0,45,871,0,0,0,0,0,0,10,0,0,0,0,1282,0,0,0,17,0,0,2400,0,801,0,0,4685,0
Eukaryota;Chordata;Chondrichthyes;Myliobatiformes;Dasyatidae;;,0,0,0,0,0,0,0,0,0,0,0,0,0,0,0,0,0,0,0,0,0,0,0,0,0,0,0,0,0,0,0,0,0,0,0,60,102,0,0
Eukaryota;Chordata;Chondrichthyes;Myliobatiformes;Dasyatidae;Hemitrygon;Hemitrygon bennettii,0,0,0,0,0,0,0,0,0,0,0,0,0,0,0,0,0,0,0,0,0,0,0,0,0,0,0,0,0,0,0,0,0,0,0,435,478,0,0
Eukaryota;Chordata;Chondrichthyes;Myliobatiformes;Dasyatidae;Himantura;Himantura gerrardi,0,0,0,0,0,0,0,0,0,0,0,0,0,0,0,0,0,0,2,0,0,0,0,0,0,0,0,0,0,0,0,0,0,0,0,1483,357,9,0
Eukaryota;Chordata;Chondrichthyes;Myliobatiformes;Dasyatidae;Himantura;Himantura uarnak,0,0,0,0,0,0,0,0,0,0,0,12,0,0,0,0,0,0,5640,2878,2858,0,0,0,0,0,0,0,0,0,0,19,0,0,0,101,126,0,0
Eukaryota;Chordata;Chondrichthyes;Myliobatiformes;Dasyatidae;Neotrygon;Neotrygon kuhlii,36,0,0,0,0,0,0,500,0,0,542,0,0,105,0,0,0,0,0,0,0,0,0,0,1727,0,3536,2548,0,0,0,0,0,0,0,26,7,0,2023
Eukaryota;Chordata;Chondrichthyes;Myliobatiformes;Dasyatidae;Urogymnus;Urogymnus asperrimus,0,0,0,0,0,0,0,0,0,0,0,0,0,0,0,0,0,0,0,0,0,0,0,2934,0,0,0,0,748,466,0,1861,0,0,9,0,0,0,0
Eukaryota;Chordata;Chondrichthyes;Myliobatiformes;Gymnuridae;Gymnura;,0,0,0,0,0,0,0,0,0,0,0,0,0,0,0,0,0,0,19,26,10,0,0,0,0,0,0,0,0,0,0,0,0,0,0,0,0,0,0
Eukaryota;Chordata;Chondrichthyes;Myliobatiformes;Myliobatidae;Aetobatus;Aetobatus narinari,0,0,9,0,0,0,0,14,0,0,0,0,0,0,0,0,0,0,0,0,0,0,0,0,4119,0,0,0,0,0,0,0,0,0,0,0,0,0,0
Eukaryota;Chordata;Chondrichthyes;Myliobatiformes;Myliobatidae;Mobula;,0,0,0,0,0,0,0,0,0,0,0,0,0,0,0,0,0,0,0,0,0,0,0,0,0,0,0,0,0,0,0,0,0,0,0,135,364,0,0
Eukaryota;Chordata;Chondrichthyes;Myliobatiformes;Myliobatidae;Mobula;Mobula thurstoni,0,0,3182,0,0,0,0,0,0,0,0,0,0,0,941,0,0,0,0,0,0,0,0,0,0,0,0,0,0,0,0,0,0,0,0,0,116,0,0
Eukaryota;Chordata;Chondrichthyes;Myliobatiformes;Potamotrygonidae;Taeniura;Taeniura lymma,0,11,0,0,1173,113,2454,0,148,376,832,2187,1618,0,0,32,0,13,271,140,108,0,0,0,0,0,8,12,238,6,0,0,797,0,0,0,0,0,0
Eukaryota;Chordata;Chondrichthyes;Orectolobiformes;Hemiscylliidae;Chiloscyllium;Chiloscyllium plagiosum,0,0,0,0,0,0,0,0,0,0,0,0,0,0,0,0,0,0,0,0,0,0,0,0,0,0,0,0,0,0,0,0,0,0,0,3422,5866,0,0
Eukaryota;Chordata;Chondrichthyes;Orectolobiformes;Hemiscylliidae;Chiloscyllium;Chiloscyllium punctatum,0,0,0,0,0,0,0,0,0,0,0,0,0,0,0,0,0,0,379,206,92,0,0,0,0,0,0,0,0,0,0,0,0,0,0,13528,17791,12,0
Eukaryota;Chordata;Chondrichthyes;Orectolobiformes;Orectolobidae;Orectolobus;Orectolobus japonicus,0,0,0,0,0,0,0,0,0,0,21,0,0,161,0,0,0,0,0,0,0,0,0,0,0,0,0,0,0,0,0,0,0,0,0,0,0,0,0
Eukaryota;Chordata;Mammalia;Artiodactyla;Delphinidae;Stenella;Stenella longirostris,0,0,0,0,0,0,0,0,0,0,0,0,0,0,0,0,0,0,0,0,0,0,8,0,0,0,0,0,0,0,0,0,0,0,157,0,0,0,0
